lat,lon,elev,source,target
0.1062639723661068,0.068264235877898,0.542477346802775,S,1
0.0995685652322542,0.13209421779578762,0.7222886534485851,C,1
-0.7757509437841911,-0.8141608033620853,0.2147599973528787,S,0
-0.15983321710234427,0.04077326427234832,0.4785756296509922,S,1
-0.09639530548591001,0.021420047039921054,0.2703217857221498,C,1
0.007811040850660257,0.07428540506205357,0.18628369747488768,S,1
0.8676132695078391,0.5525101186759472,1.0895283673998346,S,0
-1.0270895205264317,0.2108984979980143,0.05557696896962153,S,0
-1.0052902902702976,-0.8170041878365201,0.2231420889879228,Q,0
-0.0998224323280978,-0.10358856307808993,0.2838967864429884,Q,1
0.862423976127187,0.024101531081762426,0.10219138278771224,Q,0
0.05683204031627176,0.13580219584755387,1.36415329477982,S,1
0.2277390557622026,-0.10537178106601518,1.8161306101546013,C,1
-0.9466045122911152,-0.0734053626755975,0.043903509762243706,S,0
-0.009670075100396013,-0.004578608331699666,2.4727023631939007,S,1
0.6496694651368566,0.6416435364644999,0.034311730877351766,S,0
-0.02215405647991216,0.09233365139117394,0.75621248897236,C,1
-0.5274836046555942,0.6206117961695834,1.0027825547885945,S,0
1.067044635696107,0.3618236566921178,0.8496468994954587,Q,0
0.4097842663169889,0.8612502125616978,0.634681180335115,S,0
0.7165312559765276,0.5117366521312887,0.2221734496182929,Q,0
1.03268781761979,-0.18155496192138187,0.2510300000775393,C,0
-0.9484388930726464,-0.904871189879514,0.18989000576933546,S,0
-0.7034626236826491,-0.6605481938853077,0.25466788876290936,S,0
-0.004586455507156948,-0.11032854679438316,0.3677797354650912,S,1
0.20001563894443705,0.10497104726952693,0.3677440380193406,C,1
1.029778279855899,0.3859567186232307,2.0785272756228625,C,0
0.4621757585634617,1.0115192832083817,0.7011013889618616,C,0
-0.0763177036156506,0.10541823310094008,0.4613499043009439,S,1
0.8602903605657024,0.10886745071816004,0.9354997363137338,Q,0
0.16815203196343267,-0.011434698422968056,1.0847575525226354,S,1
0.06758520849809428,0.14814318573203125,0.949621272849388,S,1
-0.17474074574102527,0.03936741523537623,0.974509353203962,S,1
-0.021341434957676042,-0.21065091902297114,0.3035178677904066,Q,1
0.4562513067970742,-0.922225092369454,0.8592254881772963,Q,0
-0.11182063972473448,-0.02085935083276229,0.2989154677334785,S,1
-0.048538020324520564,0.07622121305908522,0.545421598734373,S,1
-0.12498907688810333,-1.0540204156321908,1.409622882153953,S,0
0.002033246400415318,0.08870629471903578,0.14456636212808155,C,1
-0.9378851322058576,-0.2315414472541794,0.0935585279475546,S,0
-0.8970671011901307,0.42412888532523796,1.6545427608165846,Q,0
-0.09398169647381012,0.08828783994920625,1.0665496165089556,S,1
0.0208125506776757,0.10952577906107397,1.2001030659095673,S,1
0.05841070020895711,0.23991166037688896,0.8299717973010419,S,1
-1.2924137467363412,0.2326119061387988,1.9248568404433173,C,0
0.17229431438949408,0.12164786307976115,0.8643450715918214,C,1
0.16053900682103805,-0.18369074100615346,0.6930015332177598,Q,1
-0.3097690169191833,0.9684189120521832,1.8775276108730807,C,0
-0.6938841197836186,-0.7493373947020784,0.3269650346945681,C,0
0.15142227629589886,-0.16093951288213412,0.15745974082106934,Q,1
-0.3448318440236026,-0.9565196638268276,0.4428067104618081,S,0
-0.9557058691081102,-0.4800108749391959,0.8038848818334593,S,0
-1.0957025291694302,-0.3165921345433745,0.8161581932585131,Q,0
0.6819787887263459,-0.8565277204937062,0.6962329452281044,C,0
-0.10974112279616474,0.01421286075267418,0.02690089434128111,S,1
0.18997304481052613,-0.07122308570915274,0.5715995375884965,S,1
-0.8444886561522729,-0.2187956795453511,1.3639343945580549,Q,0
-1.0241626908418318,-0.24229057874612675,1.0356841314945109,C,0
0.2617821329776269,0.006139757128995638,1.5317007128251587,S,1
-0.6530472706055443,-0.8271421083237072,1.1579704487822742,Q,0
0.09927500659176504,0.1670392423956651,1.0271289654440248,S,1
0.2818056832578827,0.20022369035030785,0.43412945855601454,C,1
-0.1896099314020075,1.0955458548925845,0.9545523617304866,C,0
-0.6021674787376996,0.4819949815942765,1.726100690958345,Q,0
0.4869297372627337,-0.8963945633364254,0.6543932642093048,Q,0
-0.9195083996437172,0.631528243619279,1.6030979139730233,C,0
-1.159833466553582,-0.09334489995488693,0.3825848246351206,C,0
0.2340963562635949,0.14587252585804775,2.039481819626326,C,1
-1.007085599909821,-0.1515400635107596,0.16423575505641813,S,0
-0.16925000772063067,0.10964922701491453,0.3612673832173556,C,1
0.020936268643790737,-0.14510886281181687,1.7757482377764662,Q,1
-0.9057230846487616,-0.4121502615329861,1.5032549927363719,C,0
0.0396885125494494,0.2197520345409728,0.1639794817748737,C,1
-1.0699817758098569,0.11164693485270598,0.9004799429237358,S,0
-0.05546930035332394,0.06823771363085082,0.17381264557125195,Q,1
0.1471564061160408,-0.8431337028448636,0.5762439672761587,S,0
0.2771169581566749,-1.1272338310794487,0.14125064600198134,C,0
-0.014277999120277187,-0.017247996357762654,0.7031539015400959,Q,1
-0.041542648829113536,0.030740191721219175,0.7729017798831622,S,1
-0.022527893534251543,-0.21983566248303246,0.27099286531915096,C,1
-0.8942003671279238,-0.14830735232282413,1.2925038181677635,C,0
0.7511641514867197,-0.3858117223059748,0.7206920718320184,Q,0
0.18141134034364487,-0.9045312440058446,0.205097231455279,S,0
-0.17248281656723607,-0.0456626121747581,1.3751556434476653,Q,1
-0.15123898894546814,-0.002933415293855164,0.4490878232158373,Q,1
-0.028040001260740296,0.03816959621338759,1.26175732107536,S,1
-0.8208114982353387,0.29093972322801226,2.0583684531815494,C,0
0.1157262760922102,-0.08821586550394854,1.0596608814726267,C,1
0.8853456342007805,-0.03842008872243384,0.4242142122019815,S,0
0.19002480278931053,-0.14434921189357378,0.479495890651493,Q,1
0.5982663240066426,-0.476274242201849,0.3259078371316295,C,0
1.0013194567686718,-0.04785932861754852,0.5348469240715111,S,0
0.03972429533791394,0.043391585861835294,0.09900172309962088,S,1
-1.0147632036011875,-0.3448230587040797,0.6168419647414939,Q,0
0.02360746291476209,-0.06047419528779462,0.1937958773965736,Q,1
0.8649523490586031,-0.08120099355932145,0.0988127780730735,S,0
0.12278519786002348,-0.12547388745037266,0.4237246852553003,C,1
0.3747310935755692,0.8626409236222063,0.1192363582153741,C,0
0.09333757923166858,-0.9311080982047599,0.15600274432201747,C,0
-9.454409918011572e-05,0.041837514821049464,0.2807554122362823,Q,1
0.1013450714368324,-0.016084373293683712,0.3395099973403417,Q,1
-0.1616744359221215,-0.14491628817832092,1.4436690263074186,Q,1
0.36252444215973995,0.7401881957107751,0.2946017187512602,Q,0
0.1832904715263368,-0.10830042101627499,0.3943831632412919,S,1
-0.7989894215693216,-0.5946208219368985,0.8457785057072484,C,0
-0.07545308110108302,0.2821419771655909,0.2619258731983957,S,1
0.05585001549264668,-0.09930128877789036,0.15312943733309328,C,1
0.032277065347418664,0.16281695831307488,0.06190460268000664,Q,1
-0.09170224591316348,-0.026729206501586653,0.5236311637692582,Q,1
-0.9051620795215944,0.6320531162388829,2.12261867272601,S,0
0.3433214517726244,1.0085832942553037,0.8090666073084779,C,0
0.0016977477212926188,-0.002475955373129904,0.5331337646136899,S,1
0.8732614956641197,-0.3250113620184303,0.9329940291647228,C,0
0.04074864307773055,0.07463116113784446,1.2287966995180877,S,1
-0.8395039288705075,-0.13552485931110927,0.9302824773125048,S,0
0.021365259539443515,-1.0001690352026171,0.39552753374350585,C,0
0.10443650448595594,0.09723255533818444,0.5808609658192379,Q,1
0.051945297502551065,-0.9950356777581992,0.6925337990819498,S,0
1.0447928132534925,-0.2309889067521632,1.1368570063597745,C,0
0.26399976962985505,0.10563005855654628,2.244510619273179,Q,1
0.12774201627591236,-0.2056849430990532,1.1548825564979437,Q,1
-0.2388684644423011,-0.2407940262567069,0.16457076250024305,C,1
-0.01953495342218735,0.9888987719445992,0.04980581430560601,S,0
-0.09524789841036804,0.06592625742616451,0.2476399683858112,S,1
1.0604285218399605,0.6080837135591938,0.4103478244686671,Q,0
0.06065013400886325,-0.07097810598174074,0.4944318216155727,C,1
0.2547113345451761,-0.8186226336231154,0.34417296883625104,C,0
-0.9816973770377332,-0.44812148447207856,1.1534590268884988,S,0
0.0642491446789753,-0.2309106320838987,0.5344693766132765,C,1
0.04973936454842472,0.0977235143854208,0.5068289598547285,Q,1
0.9094478308425601,0.030898344525248006,0.9630971583214156,Q,0
0.21671523951630006,0.04099394433696266,1.4932925573823876,S,1
-0.04283232219787038,0.12272905403082104,1.0122549134938137,S,1
0.058680726116443226,0.06933071760839424,2.7017614810581594,S,1
-0.11267823399678015,-0.04708544013091193,0.9389177036092782,S,1
-0.16402432601517772,-0.04965758712256059,0.006789844824036847,S,1
-0.6847908182047224,-0.7817384436284331,0.8184264288648129,C,0
0.952938914610139,-0.1096231588459223,0.6629660410954982,Q,0
0.1030946531952881,-0.010516195750845676,2.258491221128433,C,1
0.13366048217751192,-0.06743363769582775,0.4729764339216933,C,1
0.3031156788325618,0.8775030795639842,0.6677598882254996,S,0
-0.2471964782145492,-0.01929763387753923,1.7363065338687025,Q,1
-0.08941705791014279,-0.10566897282435624,0.005636554314467965,C,1
-1.0044678475265496,-0.17286560342440202,1.0801293957643436,Q,0
-1.1080636681529348,-0.4994414702685239,1.3316925097843038,C,0
0.5554021367846428,-0.7105125199260618,0.944774629002951,S,0
0.04523736778560662,-0.7421130451563325,0.7897817537158549,S,0
0.24190444402574554,-1.106056296376797,0.8647553625268579,C,0
0.7579106040693053,0.5966978639633053,0.3383880819802493,C,0
0.9464409582629038,0.6694456902379624,0.24125359873811386,Q,0
-0.8032806593733679,-0.2364196642619673,0.4593983540650318,C,0
1.0963600736004937,0.5469089399260703,0.3773714311098668,S,0
0.5293220258548965,-1.0111795927112754,1.0170676758916724,C,0
0.16573000785402006,0.05447414371254016,1.0491441221759241,C,1
-0.0003434529058732663,-0.182727001303576,2.3398800575520697,C,1
-0.1628820324577515,-0.007602624785426653,0.6775308279178619,S,1
0.8242421588047062,-0.3950942964428465,0.04745698783066448,C,0
-0.17918049373470107,-0.9583887550593098,1.4628558826968172,C,0
0.04684731082128413,-0.1161593578027654,1.3608919707817162,Q,1
0.9385796943547292,-0.2969883677504465,0.4114544499306696,C,0
0.269729714113542,0.0730796600898097,0.26802640133480043,S,1
-0.12236603072711408,-0.11424466372585222,0.8156730711175099,Q,1
-0.09401168664594868,0.08852658777515676,2.047724112942085,Q,1
0.03381069003680463,0.00651223937168563,0.9108176932307128,S,1
-0.14047922391653275,0.26206825540679946,0.9995775505112726,C,1
0.16329321179360248,-1.0040433256437422,2.7332798379941585,S,0
-0.7065016432587837,-0.9319536097270076,0.9088732146618472,Q,0
0.21432660887979693,0.08235183132749603,2.154606958196569,Q,1
-0.4377354518987112,-1.035540760372307,0.9021955450266912,Q,0
0.3622320550629671,-0.7567944926956607,1.6963445380565658,S,0
0.18072198234396306,-0.09194928144434117,1.4339270180040655,S,1
-0.14838411442639854,-0.2080913287143887,0.7853407884813961,Q,1
-0.1469724730512171,1.104296816179858,0.6810109332189593,C,0
-0.1809823232168965,-0.08049508741971413,0.005025523039692715,C,1
1.0178375554990662,0.019700767740594788,0.0665607525105994,C,0
-0.16018587759947575,-0.10245465951587733,0.1231427723783317,Q,1
-1.2746688701920317,-0.025244142218337845,0.404065990021948,Q,0
-0.016581274505355518,0.2416449333191869,0.8451240806108137,Q,1
-0.12264812247830632,-0.11991850287388126,1.182422009165749,C,1
-0.3018904534704576,0.8875430877140741,0.15527184200357344,Q,0
0.044555597317777536,-0.13510155159688056,2.359143128866468,C,1
-0.03333513878043158,0.16395705568711028,0.6445863733825797,Q,1
0.9710170228385179,-0.5341648888415109,1.5465118352387477,C,0
-0.6177340940170627,-0.7548080395492709,0.8445744039347916,Q,0
0.08058471310965801,-0.1307243928492292,1.6284281813613677,C,1
-0.010339954387621864,-0.05341982801354184,1.3605356071118668,Q,1
-0.031242300151780263,-0.002637963536998761,0.7086936771488569,C,1
0.8106925763261523,-0.3703664058396831,0.4373814424794581,C,0
-0.0533510249128306,-0.22858368673994545,0.09439665168706726,Q,1
-0.7914095160999913,0.40926316883489655,0.3345705223830301,C,0
0.09010988370969286,0.09123227161160384,1.4541912714105174,S,1
-0.005167487187363128,0.044439230878206164,1.10514563384488,Q,1
0.8822955705378069,-0.649532690346784,1.1466867080986531,S,0
0.8748026508615371,0.1887797827329979,0.4607401204971381,Q,0
0.01913842512648969,0.042332134721347364,0.8943274662305168,C,1
-0.09037057999654123,0.12042526500731895,0.40658651342453744,C,1
0.02382481325295401,0.12291534535530445,0.2365200307569988,C,1
-0.7519230819943427,0.2711669487993734,0.6155532573582428,Q,0
0.11834533634721985,0.12459599175825485,0.6779231623267001,C,1
-0.20433799240372266,1.1848391817190067,0.7964865501789512,C,0
-0.10055319153221126,0.08648199020425251,0.7809216762538244,C,1
0.1852859495209964,-0.1050547932503508,0.6158013568194032,C,1
-0.37288923822924,-1.0720440908330702,0.8526266581508041,C,0
-0.14513859611456165,0.1035411016164864,0.9327507971027216,S,1
0.2176715252389652,-0.090385245942081,0.5969556395893526,C,1
0.08809030771125692,0.20781377935964584,0.9466682970872422,S,1
-0.08283003690796611,-0.0477598263944307,0.7945502069722766,S,1
0.07230858667791758,-0.022741132661294627,1.1630152369491151,C,1
0.05139747755515312,0.09450249493245333,0.9242209956117948,S,1
0.03665554284824121,-0.038653374157236235,1.8461796816286644,C,1
0.15485921779778014,0.9875118138405874,0.21525757913992424,S,0
-0.03967708591327735,-0.1647971246556746,0.00324702483003742,S,1
0.803572045391124,0.3929330456299584,0.3296585489011424,S,0
0.12999357677630738,0.14261889154176285,0.5518658274509131,S,1
-0.0005690124321907821,-0.10243090775057087,1.4739494193027505,C,1
-0.2133266376238145,0.0970138633914332,0.1099185087751205,Q,1
-0.4837610591521476,1.1998705488364605,0.14685199471967975,S,0
-0.2001136395251233,1.1431264584544352,1.3016696274540696,C,0
0.7993944449604904,0.33991423354139005,0.12426412244475653,S,0
-0.07847922589378219,-0.05358006711687323,0.23771758874685225,S,1
-0.0009136099173819508,-0.0337168255911093,0.7249080693061639,S,1
-0.09699042012469908,0.16373380815010274,0.009155356975511987,Q,1
0.0015085000556012765,-0.07222480621455649,0.0661567347130585,C,1
-0.9798537009580988,-0.1685872191144152,0.5392246807425164,C,0
0.40540157873090016,-0.8481791985492805,1.8152140652641144,S,0
-0.955635866304364,-0.6685351509217818,2.083280775715618,C,0
-0.08605664437906739,0.08223988827886461,0.9832201885423896,C,1
-0.04989800204697602,-0.05910226132120881,1.5130832535229712,Q,1
0.8372661393048636,0.2719505833248822,0.384066040657472,C,0
0.8220327379133361,-1.073247203253408,0.7443119716518279,Q,0
-0.046797885838021705,-0.07706054384995269,0.20932784672992344,Q,1
-0.6815322711773173,-0.7038168685428113,0.3305727261895378,Q,0
-0.1325082923814193,0.07317583341767474,0.7810847278415094,Q,1
-0.23434197236553256,-0.1889271530691972,0.642368341486638,Q,1
0.4037465366947745,0.6153891029301213,1.4208104853502246,C,0
0.3920950669099225,0.6506417846126589,0.4984109658994078,S,0
0.02079837933561508,0.13764450159919636,0.39988188693935495,C,1
-0.6523328671947108,0.5163572236317621,0.3591783978429405,Q,0
-0.15915620756732854,0.10458566268301996,0.15710716114696965,C,1
-0.8647617704188428,0.7712555202110821,0.4162963998759516,S,0
0.21985463239069772,0.16001167551769352,0.6706589402999222,S,1
0.9878878832903852,-0.2743300737855203,0.20028308352171165,S,0
-0.6863967449604684,0.8371209420638253,0.5292138063094577,C,0
-0.2538481384220447,-1.0845473188131796,0.14598183268954454,S,0
0.10883299056289752,-0.08449447164626488,0.04358574258321329,S,1
0.9199369982426284,-0.2746568520809315,1.114968364879158,C,0
-0.5201331254312613,-0.9056196565988904,0.17014592068242068,S,0
0.9613634347287292,0.07325510434906198,0.018872552647740088,C,0
1.2042545368099489,-0.3923027380877089,0.2753711285507837,Q,0
-0.24767396819270604,0.07612682514697093,0.17638945498657418,C,1
-0.8602399653971375,-0.1225910934334403,0.9970391798864748,S,0
-0.22355924219971968,0.05258202653562212,1.2353190534931189,Q,1
0.5014846475188579,0.6725126679994453,1.11245657814647,S,0
0.14880548430977705,-0.019340360369680086,0.5287584228281608,S,1
0.4041797741511968,0.8111028059997937,0.08687571235897676,S,0
0.028079142063544626,-0.3637879749753515,1.1367945420026142,C,1
-0.075274455125119,0.3262411080569865,0.2746415325199564,S,1
1.085801513377192,-0.34531732300335505,0.8150852970333621,C,0
0.2050146453868196,-0.2569252227159761,1.1593832217991114,C,1
1.1167811868403217,0.4282942670640919,0.020664453759045385,Q,0
0.1695574661684586,-0.02418502946420584,0.4864133884487271,C,1
0.00015965272406470027,0.07839090202817511,0.6956261185078776,C,1
0.7735741055733193,-0.6359016220391442,0.13788759019897245,Q,0
0.027163865164438302,1.0482119914507229,1.276970453355465,Q,0
0.14801352418042513,-0.0633537929242164,1.1336901371695425,S,1
0.09175904124808287,0.09945781410801956,0.8988476041352449,C,1
0.0603035736968131,-0.0020328217694698444,1.3307400003395382,C,1
0.7015233048609283,-0.592968677132391,0.9155494926973078,C,0
-0.6822022028844994,-0.6184139040226708,0.03417908408896737,Q,0
0.5438327936550673,-0.6282424991194808,0.5267551627452537,S,0
0.2159036741965098,0.08937501124796636,1.0972705565438838,C,1
-0.05640584865166851,0.037641964234098296,0.5706092663426463,C,1
0.7310296141825919,0.7014573154178235,0.22008114187635944,Q,0
-0.4136717596188806,0.9918622955405596,0.09810616911072212,C,0
-0.1484166925837625,0.13038728075539502,1.378693641810154,C,1
0.04418174670953308,-0.1757432244909741,0.12885345118530134,Q,1
-0.10925026166423216,-0.29315773858172234,1.175796211456781,S,1
-0.10384397474103096,0.017514800275358792,1.0222622821667051,S,1
0.6150114013281348,-0.6977460812490177,0.5927544788756431,Q,0
-0.6966264269048816,0.7128517747021899,1.2952359247887335,C,0
0.0635917865317581,0.17516549461120234,3.2539797415015626,S,1
-0.6046449562301429,-0.6569208884301619,0.06256449762940743,C,0
-0.2642663140824933,-1.0011704443295928,0.8848586267982901,Q,0
-0.16007698020620714,-0.0189061100700781,0.22722079338279466,Q,1
0.14319170200977638,0.1455950302777198,0.5645870665859648,Q,1
0.8741228147456748,0.5569930556131575,0.5724361030297408,S,0
0.10242133193360316,-0.04435960026321425,0.3005676218500289,C,1
-0.10726702239124672,-0.16494725477008804,2.659072781852569,C,1
-0.4040143042948507,1.007445703618779,0.27656643666008696,Q,0
-1.0283927034563545,0.4967076432799765,0.3684080438859704,Q,0
-0.10041486534834332,-0.0843338836831101,0.13778452064269775,Q,1
-1.0752566946300617,0.4867347556467871,0.03943229285010389,S,0
-0.09206491844246842,0.02530697134499225,0.19662003864774907,Q,1
0.320312639473882,0.1682179634799221,1.516951047849782,C,1
-0.07217274381995338,0.016553138043828877,1.6109468783893834,Q,1
-0.5995272317632789,0.8666300953523203,1.6779426693661197,C,0
-0.012324443314921676,-0.03799556309444438,0.9913749478527972,Q,1
-0.06728812313178023,-0.0917372760444016,0.4868544272985129,C,1
0.9060609390477768,0.015507891900170628,2.4035113768463594,Q,0
1.0232734485963857,0.134926192379866,1.0370736645115244,Q,0
0.338692779012602,1.071810322496048,1.4376490460585405,C,0
0.4478575808772346,0.9269739963915096,1.1625303159111828,S,0
0.8164568733632811,-0.2240621725472619,0.9699444886521434,S,0
0.2836007095798146,-1.012794621176251,0.7864822552544469,Q,0
0.6493034371819023,-0.7634384848319489,0.3652374049480484,S,0
-1.1660623632527969,-0.11104466967638506,0.4009581706627936,Q,0
0.015386003144663247,-0.21592123923066653,0.7189821597831002,C,1
0.2353156699129,-0.09489213071890447,1.8556529742330088,S,1
-1.025431623280093,-0.6750489896483199,0.21676270753904567,Q,0
-0.07353824928140393,0.2587823515996181,0.16690550794065595,Q,1
0.019673506831226432,-0.007752593572466494,0.7617315874597586,Q,1
-0.07137438631579643,0.15310285746847824,1.2806321941767358,C,1
-0.017923070754496402,0.061303180734372825,1.1578670071837656,Q,1
0.8369634978293841,0.4186916050633776,1.6038362227074543,C,0
-0.03645687572897687,-0.20385285931268185,0.9591390363891752,Q,1
0.05509600980984647,-0.8246941925824935,0.8024452281912166,S,0
0.5504511505166882,-0.7915484357280745,1.1470100219966484,S,0
-0.7521439211250908,-0.3840489885949182,1.2783536234788142,Q,0
0.5704138192775418,0.54956136613515,0.4061197606157009,C,0
0.939638586239444,0.6756774990202985,0.2298817652758932,C,0
-0.6272743137042698,0.6618446998839235,0.8856735782278318,S,0
0.0033681279701474327,-0.07447290127438229,1.0331722911587011,S,1
0.12787207500119793,0.0647967957993394,2.1830472873168216,Q,1
0.009922717615180543,0.9698477473269752,0.7929056997048449,Q,0
-0.8321901558508521,-0.4582807920852565,0.4978410329020575,Q,0
0.6649017457236293,0.8996635724981783,0.3352565267973811,C,0
0.7691812508705899,0.7166338501508355,1.0154598447281922,C,0
0.04324151787554576,0.0979988150454324,0.13357352551706275,C,1
-0.9766440697060128,-0.35766766609831985,0.10105866968548312,S,0
-0.21594807046770315,0.10915788503164432,2.4187896903708808,C,1
-0.0212361260111924,-0.17454033329774654,1.3356353006972008,C,1
0.15287472522705453,-0.00786278302866489,0.29560429564355906,C,1
0.7213458651555386,0.6508335926716247,1.0878852907915737,S,0
0.016305874107848124,-0.14008499682283773,0.15250983747273064,C,1
0.9181006673817204,0.5510995148213994,0.4966502176181592,Q,0
0.5274646436546566,-0.7175611720405141,2.889239879722484,S,0
-0.1096350985475034,1.0445944888976704,0.5189910455450625,S,0
-0.08112473944182633,-0.11378307673414932,0.3569934069232769,S,1
0.3616726121674292,-0.9104818266322444,0.07102904580208842,Q,0
-0.4002672676145255,-0.256430198968095,0.12936937915675092,C,1
-0.1936510254924589,-0.10705200936260108,0.1806534932213862,C,1
0.9733951188985202,-0.2440793303473475,0.535628676703876,S,0
0.0983046008664136,1.1889292621378238,0.7034512793332621,S,0
0.8092683573916886,-0.03621430871883091,0.2615974946514105,C,0
-0.3450668259344157,0.6967826840262008,2.2889408459497043,C,0
-0.3571436646716161,-0.7974201537220558,1.6091772928015755,C,0
0.1647480992315438,0.9176904138086752,1.94642382308022,S,0
0.6328334004030649,0.4236382711360907,0.4715759662603057,Q,0
-0.8911268278755067,0.10800610244513664,0.3233406437152688,C,0
0.15480634116106318,-0.18077034933097366,0.16077957976744514,S,1
-0.7538442496389688,0.0037778790317236077,3.0258012777856123,Q,0
-0.030829264750692482,-0.07359262074351353,0.6452769483822225,C,1
0.0848493949463427,-0.9062781166899077,1.1731444611694886,Q,0
-0.07629616426190418,-0.14021265344914455,0.6268268790362223,S,1
-0.025874244954636662,-0.07842416739518326,0.1403209708364339,S,1
-0.0422373331340694,-0.19881088590161386,0.4263899380352639,Q,1
-0.5946039106035961,-0.7675388604348814,1.9628612711598483,S,0
0.23794325455117585,0.16178497577683912,0.14621616288548708,S,1
-0.025385066036640026,-0.05678553411197454,1.947556787393521,S,1
-0.21361082707363385,-0.8382400683619698,0.10391477004285953,C,0
-0.1698219090313555,-1.1387509187801612,0.14783611077790973,C,0
0.76740113527982,0.02308263811026115,0.8284060151244147,S,0
-0.8264461863193979,0.8162014590223858,0.4945026469165525,S,0
0.3744193835541572,-0.8009411244176653,1.382403855455179,S,0
-0.5516497424096477,-0.7984577906061534,0.2466010395124487,Q,0
-0.7638661168151412,0.5903500836103062,1.166041636086676,S,0
-0.014604165942372628,-0.017147313785411684,1.090669002921817,C,1
-0.2482495962488522,-1.1534044310145075,1.327460651854241,C,0
-0.6885051609741175,-0.7787754225952812,1.3398486098231452,S,0
-1.2950624059139122,0.23198110177331555,1.0055389842389582,S,0
0.10939050902620692,-0.03685526793393619,0.5140659060485645,S,1
-0.6637231866662335,0.8317775590629284,0.4464258625330004,Q,0
-0.7091586042571373,0.7745489978682185,0.6996463399840606,C,0
0.10678258861431512,0.09003741609404795,0.2121977026217691,Q,1
-0.06699049929412787,0.988433838087124,1.5377903545753393,S,0
-0.6437953401876819,-0.5016128730266819,0.19012406113227304,S,0
-0.04062489611905615,-0.023036756834816614,0.3079942039078969,S,1
0.05535788739837882,-0.016359046270429084,0.9262348700541084,S,1
-0.6764481690014895,-0.6855274595257539,1.054422308719737,C,0
0.6335525346066844,0.8630185253298639,2.3238651229981544,S,0
0.04383735571155424,-0.10611742994229588,0.8923157240438035,S,1
-0.2745385742897174,-0.7795170570680701,0.3696453957917945,S,0
-0.7271152969452734,0.6254515978474352,1.3909568198400468,S,0
0.15281274195714764,0.001873790585010832,0.8562420176889569,Q,1
0.3812652435403039,-0.004771590436302535,0.9606270048989272,S,1
-0.05337494238822408,-0.03122190534212666,1.073053047143696,C,1
-0.14279691443210374,-0.1991414382483928,0.1990943553434052,C,1
0.8300692877297605,-0.8213816885171923,0.4735253786896298,Q,0
1.2107330797564135,0.16610278746116225,0.18421377146967127,C,0
-0.021221566399829545,-0.08099732778499066,0.6851688858258617,Q,1
0.12290961993750107,-0.06378765513014806,0.6664380876390744,S,1
-1.0676494056823604,-0.04534786983216929,1.0552250533420533,C,0
-0.9978333173660936,-0.039727862807973816,0.44909437654412704,S,0
-0.15719650073949726,0.0805434893893382,0.8220081665418225,C,1
1.1319124959384168,0.4787314940957835,1.472943948919833,C,0
0.5656281005537976,0.8899634747967209,0.6016798099801879,Q,0
-0.3374636676585412,0.8886388821256092,0.3859786757092998,S,0
-0.5718533832197916,-0.7418303930460506,1.3767343994721073,C,0
-0.22951611770654265,0.16711518002670905,1.3768720158133465,Q,1
0.9186862859624048,-0.4453238998559856,1.0575452796010063,C,0
-0.016670261079008347,0.2002474967516123,1.2823324184627056,S,1
-0.009762191581508315,1.1419029936479368,0.16787414790074925,Q,0
0.01331876328803492,-0.11784583695514605,0.4481194102901997,C,1
0.12575294026728015,-0.9901655594207536,0.4280121010598425,Q,0
-0.0071107860083668515,0.06167457871308257,0.5961680202257916,S,1
-0.03314051774959105,-0.10209851405682704,0.07891525364858648,C,1
0.14982244112910748,0.8475571318274238,0.9649066019567564,S,0
0.5860185334629129,-0.6672253883379,0.8070017145196154,S,0
-0.090944568327524,0.05122398800223465,0.947331850101516,S,1
-0.1757537720497701,-0.001350260317289867,1.9715486359591217,C,1
-0.007817470613127406,-0.03332317564617114,0.8999693733929197,Q,1
0.30426354075063505,-1.0842600428378462,0.8602868818589133,S,0
0.06307586370333504,-0.04615424921947281,0.7083159733030118,S,1
-0.2223907098664145,0.21126371310643635,1.0392679407922398,C,1
0.9152907760201427,-0.5271226146569081,1.5777362454419124,S,0
-0.9215040948878472,0.17989267117363028,0.5506651682561179,C,0
-0.30386641985878304,0.7873096525525969,0.7035754008966336,Q,0
-0.7830866174203267,0.8907885241063617,0.6489454764595379,S,0
-0.9130455508141312,-0.019731051672066457,1.0405324090508763,S,0
-0.6013664041379934,0.553538263818657,0.4682645714977745,C,0
0.053252105639887325,0.18984868256022247,1.1500572905733666,S,1
0.1670065218478584,-0.13130441520461192,0.20375603342255927,Q,1
-0.5057150795103469,-1.063382907499302,0.371872463814961,S,0
-0.23574096404522776,-0.2370153047078423,0.8925315394947956,C,1
0.5535055983741045,-0.4326387294479943,0.3906869936934908,C,0
0.034775114614332414,0.17613417337140647,0.596974172404761,Q,1
-0.056626516331504874,0.050130169565619935,1.0830223936836616,C,1
-0.3126866293131429,1.120231615645886,1.1833237172164994,S,0
1.0700721123098325,-0.009220887520017236,0.9543883413066848,C,0
0.08836601978984678,0.041533811626830015,0.1096037977240193,Q,1
0.08449777818513048,0.022317954276813497,0.6645338820715091,C,1
0.09346040039998227,0.8239312169834887,0.8603500150353091,S,0
0.9649459041152362,0.6250765133264976,0.4637761459333573,C,0
0.20801922241877752,0.010345190479395621,0.03379038931812293,S,1
0.3172392957712817,0.2371364089375272,1.9499527029950023,S,1
-1.1259900433346597,0.3792476237327711,2.062968339914741,Q,0
-0.6842513028654376,-0.30279656464393545,1.4764241293262643,Q,0
-0.5466463576422036,0.8115469839096411,1.66829837148307,C,0
-0.24426491788960056,-0.07884356180121005,1.1134497245221904,S,1
-0.10674611464044724,-0.02288865332793926,0.33577004454770953,Q,1
-0.02692411357255306,-0.0816411489786764,0.3226268119311426,Q,1
-0.6443636252410961,0.932563008105664,1.5025611598282853,Q,0
0.11351791627017685,-0.07426256665800722,0.3908600947360684,S,1
0.4832364577928455,-0.7686192600185618,0.6176395020771381,S,0
0.2442503803805116,0.9744115903781024,0.15256255336438615,Q,0
-0.19367849489311373,-0.19748934358213333,0.4143053727082877,C,1
0.12005650223221966,0.037132652820097284,0.2877282881190412,C,1
-1.0141681696839184,0.12396932855803205,1.5910183765697596,Q,0
-0.17254932419614022,-0.8342201366424569,0.8923763713449455,S,0
0.056021277092245934,-0.05378071123535075,0.2951652177428149,S,1
-0.07258287475267862,0.07278507840710963,1.72753882619958,Q,1
0.03604564728260185,-0.04718245679722953,0.6286214754095798,S,1
0.8804769451870249,-0.19094457781148932,0.0655731947395309,C,0
0.03207378635469453,0.15933518459942855,1.1663455352429484,Q,1
-0.924674018563032,0.2374778681547757,2.0348607034253776,Q,0
0.13735500204987452,-0.9382849199473474,1.478777984043583,C,0
-0.06418246180174557,-0.0745013566345781,0.8064980740562412,C,1
0.5750602718357889,-0.9906724604986592,0.7400708147021227,C,0
-0.6524999960968368,-0.5423511510056086,0.10336138404969768,C,0
-0.02040807441666474,-0.010567495603924427,0.1921802359930263,Q,1
0.11681671541101794,-0.0592735769828483,0.3213304360561868,S,1
0.8741829901698298,-0.05282798449782558,0.4632916861655978,Q,0
1.1966706046763738,-0.3006343160845826,0.4827306742826452,Q,0
-0.9388468820978236,0.130447114741563,0.1490814352634239,S,0
0.08631321907473129,0.08358734205637214,0.07231951666967633,Q,1
0.9855129886973736,0.021529868655537472,0.21216004804426405,Q,0
-0.0797195507159566,0.009522201653802012,0.506369031663007,Q,1
-0.043671145835492316,-0.023727507057534254,0.5632028827626624,Q,1
0.2673068801951346,-1.1213126502727475,0.3456167594736031,S,0
0.043881028100239305,0.09037453016835632,1.7739134550954945,S,1
0.08752232085770666,0.011296081766974296,0.5535506618988412,Q,1
-0.17351629534363106,-0.08803610994618652,2.0261037693708457,Q,1
0.12656140307698796,0.8698219901564376,0.4804760298763901,C,0
-0.8015426265372276,-0.7117078697513345,0.2531905793225026,Q,0
-0.03519234401206493,0.1589015103169194,0.7143964685783899,C,1
0.041381615931699464,0.10481434807683336,0.4411124500146641,Q,1
-0.8670897596538185,0.5093067413735943,2.817743782998664,S,0
-0.7010169218440154,-0.5895180212511785,0.7334254529643593,C,0
0.734204348837186,0.548991887483357,1.3891495556949844,Q,0
0.52460375374265,0.8760399628933256,0.9349869499234944,Q,0
-0.2954773962283425,-0.7688912846859062,0.2782744393070654,S,0
0.15657755912341426,0.1770026669541636,1.0549274203534118,C,1
1.1142096187467576,-0.41766357719393016,0.9041887113096952,S,0
1.1475824259641858,0.4114141405884775,0.409285480497735,C,0
0.02119220163713226,-1.0518621490057425,0.09933700753189836,S,0
-0.13699385626983696,0.022121747409486844,0.905027933165806,S,1
0.8459467146705335,-0.8900852605188522,0.06197247799590287,Q,0
-0.8828723557281335,0.4919894265880478,0.18485764198556728,S,0
-0.3511897241868177,0.002271356241048848,0.6821150239028095,C,1
0.00444672590500616,-0.05856604395282685,1.1620526907138315,C,1
-0.04435401785243022,0.1269965187853349,0.4400633393022997,C,1
0.035544605166704546,-0.05502075900834109,0.5457850999076607,S,1
0.3682048402867677,-0.100688180296253,1.7192814982727649,S,1
-0.066226482641594,0.06760379862746635,0.24759669325943096,C,1
-0.964919238403059,0.5459633219037461,0.3818938683493239,S,0
0.2834325035253141,0.18277030460444688,1.110853753788882,S,1
-1.0041601091019745,0.7780029616000269,0.5782994797979342,C,0
-0.23487754363774965,-0.8750090969161741,0.2175984061693149,Q,0
-0.06276402433613303,0.24508492455612835,0.32981542601376496,C,1
0.0738152276492633,-0.9226695189134362,1.031989265616334,S,0
0.06805926225113554,0.1706141750745356,1.1037513659459772,Q,1
-0.5846699377950361,0.8210675157870383,1.763093980262706,C,0
-0.1283942787046171,0.19676062537080646,1.4590324685030305,C,1
0.4270878132221255,-0.9959359834848768,0.4149102347464937,C,0
-0.6652833944210159,0.6283853569354902,0.6352215291480969,Q,0
0.06789831663467563,0.32482913273225683,0.06873809318886566,C,1
0.4907432740278432,-0.6339115273465119,0.09469361483069684,S,0
0.09843993112027466,-0.09158029661096234,0.8069829278545854,C,1
0.03068049489504548,-0.00093449218779916,0.5843272334955951,S,1
0.7141843421533531,-0.6991027012415277,0.2286186206307421,Q,0
-0.33363908156123545,1.1232283287958575,1.5478162699078717,Q,0
-1.001061002389335,0.2892277505595981,0.4323875375727895,Q,0
-0.4969438519464171,0.7660580941992204,1.3101410288630555,Q,0
0.5518878117208188,-0.878836203019935,0.5306294166139648,S,0
0.1877583508516081,-0.19894801426820932,0.1689371736348075,C,1
-0.14738234268593953,-0.10986530546544952,0.0925784878265672,Q,1
0.3437843756330176,-0.16628709504101427,0.1552850931677882,S,1
0.008866415816320422,0.07494825398733332,0.6110284153237691,C,1
0.4341982140923144,0.8427026851308302,0.06138988816694351,S,0
0.08630244435529663,-0.16051719554705168,1.577056197951769,Q,1
0.9123004744385532,-0.048785116874930534,0.21732985100537366,S,0
0.7636082664948118,0.8798009981453596,0.6022281137608256,C,0
0.6582032438474726,0.7735539074036276,0.5517813830716735,Q,0
0.24015108425747075,0.19165028447696894,1.6999771317189818,C,1
0.9014574418840672,-0.33614675904753377,0.16477820455980433,S,0
0.25721471558848685,-0.8138407815763591,0.9194281377555888,C,0
1.3442077059470372,-0.1989502736456112,0.7524734250197304,C,0
0.03503070363921592,0.07518724870044552,0.5023176804431542,Q,1
0.1372643807932764,-0.07112483035958755,0.4655418587307147,C,1
0.055009908574480126,1.0564610423906646,0.8690560938441675,S,0
-0.2527745508096877,0.03797759842078679,0.10395279416232384,Q,1
-0.13053489748323455,0.1894413635749009,1.325647071446724,Q,1
-0.8189472610687363,0.3318053905106005,0.39706998638585145,S,0
-0.6325902583752077,-0.7749691625400671,1.0788518047941624,C,0
0.35022598751145195,0.95405856180142,1.6144370615526196,S,0
-0.17234740984993802,-0.029002726981893306,0.4984196187201853,Q,1
0.9791845356869788,-0.4849655586892672,0.2334015563299961,S,0
-1.0688916440528275,0.3804042732421729,1.1504897017843705,C,0
-0.006643941875960929,0.9105190373624908,0.2819256117449985,C,0
-1.0232051737288637,0.06558140297753519,0.10098663605055096,S,0
-0.002082396316183191,0.030620932869316667,0.2490732851289012,C,1
-0.010236699749795249,-0.07103161132503845,0.5974146866513512,S,1
0.0047648835452425535,0.03501733603283345,0.351225884575681,Q,1
-0.16205359092134236,-0.08339580441199124,0.2160271733184176,C,1
-0.12292088508636755,-0.8486852159089047,0.3961775955071673,C,0
0.023936756879748604,-0.31030851677089144,0.4358857274967292,Q,1
0.8866070169863025,0.3777853134109952,0.2286261040864996,Q,0
0.02105250613938973,0.184327608654258,0.1696521476170823,C,1
0.6793135802555903,-0.6346785081254437,0.7330244312400535,S,0
-0.061340051572875996,-0.11753228323089668,0.0031838202369566717,Q,1
-0.2580834420005583,-0.0868704410337745,0.8496699843618963,C,1
1.0600627629237147,-0.15611274879967102,1.083033935119677,S,0
-0.08941931491292762,1.140329330833844,0.4961930418152469,C,0
-0.21369364723743164,-0.9029599505288212,1.248066667025455,Q,0
-0.00444779401712065,-0.04232649566800621,1.5769573669597958,Q,1
-0.2804784007935147,0.12806614232245955,0.12286352743784068,C,1
-0.06729093360417412,0.16864333990910774,0.0034430043953200397,Q,1
-0.103974758394366,0.00024835817964680845,0.09742488449120952,C,1
0.18760253276324235,-0.20228203595102695,0.6080135920408569,C,1
-0.5304101599656628,0.5018962238202203,1.6738270729812326,Q,0
-0.20279659264277472,0.0744518245835315,1.4917476391128481,Q,1
0.0509845211209425,-0.8223192121303529,0.4141049401892861,Q,0
-0.11932322044310728,0.01160713009759462,0.8921796656955162,C,1
-0.4698582671784478,-0.915894849771907,1.012923797281486,C,0
0.6284722397501761,-0.8677559246568187,0.30021497343870673,Q,0
0.19697799966986512,0.027603350025837317,0.1019668082671971,C,1
0.2104851699044419,-0.02536044846038363,2.0848529564592253,S,1
0.831035515439609,-0.5107482846944189,0.43319104876557135,S,0
0.6637330150861905,0.5716951546462555,1.0549040942665395,S,0
-0.033290828251884036,0.040203491162447993,0.9215180340855696,S,1
-0.20112339406160026,-1.237929961470644,0.8293708149675175,S,0
-1.0443224739779609,-0.049604147535593696,1.8269996791948444,Q,0
0.34597163590231905,1.1322553386580587,1.6930808864441866,S,0
-0.19913806205757006,-0.13788881583883758,0.4798556078273672,C,1
0.10509424035692083,0.00840796620217996,0.2533080433171598,C,1
0.09996780258214652,0.8862999837172577,1.2612473145974554,C,0
-1.0082577841437408,-0.28241409088982944,2.011285172180058,Q,0
-0.2041109918414688,0.05666563774722759,0.3490270595013962,S,1
0.1668667391598968,0.03586098445849137,0.03926149836278894,Q,1
-0.0021623164133248995,1.178243225679573,0.7267218835972232,S,0
1.0375028161825015,-0.04450126967674477,1.0001945336517708,Q,0
0.06501003488980196,-0.1389482386859595,0.978799075921782,S,1
0.01708661125555027,0.0796936951877636,0.346427395712552,Q,1
-0.015289568215299906,0.08047918072030244,0.5114974746982502,S,1
-0.24469449832358184,-0.3570897122652726,0.2500092177797253,Q,1
0.2793197378058096,-1.1319820993084002,0.6690812413791877,Q,0
-0.048378596433399486,-0.013225655713321238,1.8410790595680824,C,1
-0.29356761257525643,-0.9876353331658436,0.5913829144934407,C,0
-0.36293926271149,1.1292230133702796,0.4996570470676725,C,0
-0.02908190929451877,0.15669659972287625,0.7105307491922862,Q,1
0.18846112172570006,-0.02590509618894833,1.117306105702662,Q,1
-0.3141815621773065,-1.0670175772497306,1.1936169181021352,Q,0
0.19748708412990024,-0.027846959477735668,0.038201231901572194,Q,1
0.10437048409270563,0.1904008389022868,0.5379056689477952,Q,1
0.17654752973517465,0.03045213070499129,1.6027823986829244,Q,1
0.9064172933130188,0.9168962340311756,0.009336507091295276,S,0
0.3864929984558675,-0.9514467917146108,2.5410355264505484,S,0
-0.011914272346889543,-0.15038129495515326,0.054266426988350484,C,1
1.1703683737403074,-0.5461595805030831,0.3431657284132304,S,0
0.7818745187060324,-0.2996526546896376,0.8752002867381451,S,0
0.08771516579598232,0.06262290414555499,0.11035796632367006,Q,1
-0.07854809948260402,0.006858654382337584,0.2892783666164612,Q,1
0.10362466808465004,-0.2222197709632477,0.23130962009642456,C,1
-0.2633759573015689,-0.2698055718082621,0.3941253660596696,S,1
0.06909135623648889,0.07882224532026025,0.2212711933884089,Q,1
-0.03541532406072071,-0.1787085947815636,0.0001981104988860361,S,1
-0.9473800551503292,-0.6336235701000401,0.1343265690867375,Q,0
0.015278727213992684,0.02705866301077112,0.4534375920581246,Q,1
-0.09793666341794913,0.1934978060733336,1.6277264785933545,C,1
0.08308294661353383,0.16598797016431485,1.9430374120944731,S,1
-0.7015109332696086,0.6188188972677098,0.7783255740455336,Q,0
-0.3341960323521095,-0.8061442524617018,0.04673023884946624,Q,0
0.6451360767882222,0.3788348707635669,0.5899002266071663,S,0
0.11151539129130614,0.19268190816745312,1.026845832031667,C,1
0.12076073677131564,0.020057554599868924,1.4270606486598525,S,1
1.0655957941478498,-0.11865666885782497,1.3515538373843492,Q,0
-0.08465907810266772,-0.042609565041833636,0.14519278704966382,C,1
0.8547278486119532,-0.6111520181072311,0.19821527609585785,S,0
-0.13315863851032042,0.10763022050166524,0.1803651285393168,C,1
0.6855279924820208,-0.4787027463059728,0.6273108086233095,C,0
0.12110512940870492,0.15293242548613473,0.42743835716870215,Q,1
-0.29030091133051233,0.18419891186337609,1.9193900511246769,S,1
0.1013366043717347,-0.13743432980028125,0.2853771168370954,S,1
-0.8555765109010466,0.3967344225558648,0.17802430379210968,Q,0
-0.07889278113387217,0.2726250663050899,0.4343729295021616,S,1
-0.10644215619293576,-0.030351745056652283,1.6442097191837164,S,1
-0.870572018374709,-0.3081174097823909,0.6116600108716786,C,0
-0.4426931517530913,-1.1606245885154571,1.0789353428945825,Q,0
-0.022522253814889343,0.09797069928333377,0.19090006170903928,Q,1
0.8485467586453889,0.16828175716126426,0.6452163928141823,Q,0
-0.05481402456331275,-0.16465435602119494,0.7386878202645242,Q,1
0.7248678763297149,-0.501890257371864,0.562632671028703,Q,0
-0.18991840662523726,-0.08924117801020412,0.5944499862799262,Q,1
0.07763979012074558,-0.06699485362130489,0.315407921166813,C,1
0.10424714233347487,-0.1839735005655556,0.5723688356432564,S,1
-0.09096989193958252,0.04738530697328875,0.05754518754655255,S,1
0.1045127551188472,0.09508805607804302,0.17830314782594725,C,1
-0.17781242827581045,0.10773664212295624,1.1733058260727185,S,1
-0.0024105965423698236,-0.1060787865583814,1.0317419645937709,Q,1
0.058067957548865824,0.0273652462490983,0.019134528026335185,Q,1
0.031403974097771965,-0.17659076321070974,1.1571597537083542,Q,1
-1.026847987928757,-0.32537221062763505,0.5362636144662495,S,0
-0.7974576782693281,-0.3688187392807807,0.788982741576938,S,0
1.1401613272182165,-0.7130798091576693,0.6807295717556098,S,0
0.5835038801174919,-0.8138140360925115,0.13813121758787986,S,0
-0.7304716055180974,-0.27740205545258234,0.17334129064111706,C,0
0.06216859492566959,0.7575199941837373,0.5766047053969162,S,0
-0.0275846872192504,0.014628823808421725,0.4074039235953491,Q,1
0.11168134489254762,-0.09706091827054852,2.1729777487125435,C,1
0.8598203963340699,0.005128024506807215,1.3384218480382988,S,0
0.005161965080287482,0.09415771748821464,0.7499336228544056,S,1
0.8190032685880135,-0.3611267312695189,0.7747021436829896,C,0
-0.08567974709564871,-0.009175538641946555,0.2675981377688249,Q,1
0.2358809410255752,0.10822852934630547,1.6286899485681834,C,1
-0.38306132084442696,1.1224191806710708,0.6098244868516963,S,0
0.2573891216282138,-0.04958949890300345,0.5925448101990597,C,1
-0.06365265448386775,0.0132809712940609,0.13540029485203442,C,1
0.05249236310362693,0.12087434256354145,1.0969445305275305,Q,1
-0.025098501623038588,0.049338490053198576,0.6882039374408333,Q,1
-0.810953371058578,0.7796907832728269,0.6043358096029403,Q,0
-0.6719913443154333,0.661017177066098,2.18034785120485,Q,0
-0.02522483152911173,0.2594844134057801,2.086841528548872,C,1
-0.0026157514160314657,0.020831697675205884,0.8157564407253466,C,1
-0.0182950937536138,-0.2517654285491905,0.18755961980636607,Q,1
-0.4687780178078639,0.7490649441605963,1.0839382712924324,S,0
0.30380971961464004,0.7951270555737873,1.4524366324759463,Q,0
1.0014461266815278,0.3255382914427286,0.675080429742584,S,0
-0.1449292980579278,0.15459177215823378,0.6665486142347725,Q,1
0.02806232654222893,-0.29540949491136936,1.6581772181367136,C,1
0.15083735766524367,0.3119102932059758,0.030384880884632832,S,1
-0.04125231855306253,-0.03356982979558762,0.9166312007361704,Q,1
-0.3850064587120669,-0.9122962540045184,0.5554603141597989,C,0
0.8095176705151994,-0.20062276975034266,1.0910471383181346,C,0
1.0384458830345211,-0.05071428920224271,0.8433983358678209,S,0
0.1837532840868744,-0.05999623588817141,1.9065393336486287,C,1
0.3636413865414637,-0.9147160371160304,1.7289345755154737,S,0
0.0812367440522054,-0.0005329155399050071,0.10553395413191746,C,1
0.32422685705623305,0.8337274678857081,0.9704031866181004,C,0
0.5208010758339832,-0.7572471648612739,2.0544898674853096,C,0
0.30653471058567394,0.9433808836433524,0.2434654545913475,C,0
0.06408369752396258,-0.003397352935025313,0.6942523492609309,C,1
0.013354454787800576,-0.06485779545360609,0.18549936833623606,Q,1
0.01776920207586553,0.038089129445776256,0.316620233816094,C,1
0.6358221903178641,-0.9114316041098224,1.2202783911879431,C,0
-0.05621064691610056,-0.1876741464252727,0.32923911478328216,S,1
0.11605300923980352,0.06876207976155681,0.07544375893137449,C,1
-0.15073338285787527,-0.1213701943112951,1.9472346495757025,Q,1
0.04372723885695448,0.023809822730057204,0.8842626512800134,C,1
0.061145064988561225,-0.09985759359459867,0.19975483305642475,Q,1
0.04990046200728148,0.02651606321648768,0.7218553469632679,Q,1
-0.5484547471413803,-0.8133977518257813,1.468444134948786,S,0
0.05793627327277315,0.0921981872456574,0.5467441805917927,S,1
-0.3790840354238148,-0.7943757722791356,0.5399643154593102,S,0
0.72675898529022,0.9530751588620692,1.626489942117166,Q,0
-0.016184705959677054,0.06280511128297782,0.4536216608547043,S,1
0.12631755954414153,0.1135721817742272,0.12803159037141906,Q,1
-0.6416919751492154,-0.8635417587139396,0.5597260723653652,C,0
-0.9388876620764938,0.23548296603882998,0.06221421176801273,S,0
0.08534414663175299,-0.11323632384344742,0.3211663052840448,Q,1
-0.3762133453791223,0.9101259673572976,0.25166504685368896,S,0
-0.8047326407890973,-0.5825851675214117,0.7983494962340592,Q,0
0.8048409165680742,0.6821899386168785,1.9104643382866096,C,0
0.15660088376642126,0.8521687527398595,0.7878830242526375,C,0
0.05892640247868674,-0.05063701885959832,0.4923463587793682,Q,1
-0.056889967010921076,-0.200835348920338,0.5837127207158629,S,1
0.15897383495084044,-0.01702503489387409,0.8307869668839079,C,1
-0.7179815507908383,0.7769741046715258,1.9497659519746429,Q,0
-0.7381312392134215,1.0046655103007969,1.3022484059551385,Q,0
-0.3865661421752296,-0.856178182928783,0.9469483000886364,S,0
-0.12769166186336858,-1.064497428951931,1.9751615375789198,S,0
0.048656779598654366,-0.19094399745587728,0.1897839272874012,Q,1
0.21216403654077548,-0.10162881644098487,0.698002550120725,S,1
-0.17380333365090125,0.07620487434742583,0.6501346154796578,S,1
0.08757922311419883,-0.09379794429578964,0.5096215768300242,S,1
-0.8598861610968977,0.7057010576901284,0.7664045330021491,Q,0
-0.27512241156220146,1.023359703906485,2.367419499416316,Q,0
0.8702774564150456,-0.5884932105591438,0.8129834035371429,Q,0
-0.01279864567087538,-0.16536689201695198,1.0529715352830875,C,1
-1.0305788668808635,-0.28302474300378483,0.13432833689344975,S,0
-0.11311869077616885,-0.1494984641950366,0.05520195622530065,Q,1
-0.9172011650089652,-0.6571361060704053,0.7062813574726962,C,0
-0.015998125664028306,0.013056025242192529,0.06940778048567635,Q,1
-0.02960843962254335,0.2746690696688345,0.6913163174903845,C,1
-1.121096154353749,0.4464764286656079,0.10163105198106948,C,0
-0.11252066347262046,0.19371241709723602,1.055182798122332,C,1
1.1569256306526952,0.5452325703851783,0.4473164084143536,Q,0
0.23148436908833075,1.2767236995226812,1.2872137337193963,C,0
0.9178021619907144,0.40710616203211375,0.08955511096284853,C,0
-0.2753276525861109,-0.6309575272523443,0.2566594878047543,C,0
0.6077073410106836,0.4870668302164113,0.8269009148428418,C,0
0.2894136932304973,-0.13299765145044526,0.8718446439971675,C,1
-0.9226808899406064,0.7441726383929141,1.4802645107618655,C,0
0.42718303377867867,-0.6009850152833698,1.2345966076605368,Q,0
-0.15968364733464896,-0.001996454584796803,0.6978405091868849,C,1
0.3541329994646459,-0.9482861714635265,0.07603773317874384,C,0
-0.06518563279276958,0.05837820227984651,0.20401014485279995,Q,1
-0.9152076207943532,-0.435493301531914,0.03020233750503125,C,0
0.603456589951041,0.8730824512936528,1.2058681303414778,S,0
0.09606263953101668,-1.1418453696833009,0.8960050883853597,Q,0
0.0881472137037071,-0.16546851387809475,1.0327604856626391,C,1
0.11783248241614908,-0.0888081054520664,0.32050693998511903,Q,1
-0.11616723531404025,0.011882074381861098,1.99235961976626,S,1
-0.015427592773637887,-0.03687669750474303,0.31737619717952764,C,1
-0.16596635873140486,-0.3155705847664195,0.7452293063616469,C,1
0.2160821452781273,-0.2532385345094913,1.0258105847660342,S,1
-0.05611972739815832,-0.2296522335278807,2.8179578170059867,Q,1
-0.9393483360705079,0.5897106776682184,0.9521017012599219,C,0
0.15488322412068678,-0.12084907197017675,0.23845939098844346,Q,1
-0.1086554028458522,-0.10113561214990599,1.203738742486145,C,1
-0.15757934693570871,-0.08026721266070272,1.7224874667490615,Q,1
0.09076546559656587,0.14375868670146286,0.3056133689565013,C,1
0.002114043017882997,-0.08717793516374972,2.4364503978326786,C,1
0.4379752105664285,-0.9340474898213321,0.8672904024897982,Q,0
0.052602288824571165,0.08229700510666682,1.1152871372338478,C,1
-0.08242779646749891,1.0062741460528362,0.6291956211936182,C,0
-0.7714937725796573,0.513988512103471,1.7799852758059025,Q,0
0.13753537518622966,0.05673207694672596,0.36525082922891294,S,1
-0.05466797457452609,-0.16271835702239484,0.1825909853757375,Q,1
-0.12225432177049755,-0.10463046453234663,0.7981459292052897,S,1
-0.030096296739779108,-0.1997276995804244,0.7745219257610791,C,1
0.06341558313371487,-0.0013544439265714089,0.2562088245145073,C,1
0.056515970767905314,0.11263365120616242,0.19168239526695385,S,1
0.0016828239273428205,-0.014700429903330625,0.8191986984854523,S,1
-0.05181952580545483,-0.028869857944483907,0.6290580229421183,S,1
0.19878027575844665,-0.2133401824448137,0.19151299910624844,S,1
-0.3119290752248546,0.11223253574128328,0.9934884976652822,C,1
-0.9848483605915213,0.23405998081866825,0.662610315233578,Q,0
0.9659122067456021,0.7103098249324328,1.1728688621008831,C,0
1.1957948772542168,0.3875538727316024,0.3517366668745464,C,0
0.10339092883429914,-0.9138307599606956,0.2684433679108256,Q,0
-1.0381210013641804,0.4371614799653587,1.1757475044949344,Q,0
-0.0645969161730721,-0.05146501045417831,1.8581004278248496,C,1
-0.04490819158436105,1.0500597414784243,0.029339520953326675,S,0
-0.3368907402796028,-0.8169313535848715,0.2996044808601665,C,0
-0.04103455495569136,0.95785105373713,0.7534887781568643,Q,0
-0.6490258749173268,1.0708167031450109,1.2405834677393477,Q,0
-1.0154683673740532,0.3356264851565576,0.6700499079709842,S,0
0.5517950916425114,-0.9899941422810224,1.2195317090278637,C,0
0.10427978213698463,-0.09171071296217936,0.8516734548938985,Q,1
-0.8904163752324655,-0.20346119088002806,1.4633280565715747,C,0
-0.10757522781317153,-0.05336381172372427,1.9113922776233216,C,1
-0.002943706574216436,0.056709662677770015,0.23929095687033125,C,1
0.04412013299826434,-0.02902330408164804,0.2063070369498244,Q,1
0.20383559653852368,-0.1427909426004927,0.3880283023483324,Q,1
0.20036785593275933,0.27958677497040274,0.855682124076248,Q,1
-0.4632792208057417,-0.6983402197100925,1.7191789662475845,Q,0
0.7926525556597926,-0.4165695220241536,0.08135389793293604,S,0
-0.5034796627849625,-0.8753640634531091,0.3694407160273736,Q,0
0.017954276184063908,1.0748374882675986,1.4849860283798195,C,0
-0.10799667286416996,0.15514042659596833,0.18589464678597128,C,1
0.097373046768273,0.007042486539435737,0.3046415009177305,Q,1
-0.9374321342710344,0.13982407890918416,0.15849604550288635,Q,0
0.0378745836932592,-0.1867746781330461,0.9253512179973667,Q,1
0.06808204071824786,0.15240617122613292,0.8485341182236031,C,1
0.6224487584890281,-0.633207947976971,0.8883783929823795,Q,0
0.06028291461772916,0.9069125777080032,0.7332271536081431,Q,0
1.040044655249554,-0.5003982924302555,0.6018224286926969,C,0
1.4067680747886973,0.3877488808883803,0.16411495976725285,C,0
0.344719405201368,1.0221371026477923,0.9796869322363376,C,0
-0.41507349896072987,0.8221079806857147,0.5907980647487059,C,0
-0.4323592889750765,0.9895368939537404,0.8043212306550868,C,0
-0.13077600243517834,0.10884246278837316,0.34224438924659506,C,1
-0.07527263829969867,0.12797050601374588,0.7845447476578332,S,1
0.02657753178199616,-0.07671033923843297,0.907240313059858,C,1
0.894052084658267,-0.4638862628051337,0.4888886599330813,C,0
0.02581248795464864,-0.08148113051316648,1.543254734632925,S,1
-0.1287588314447635,0.9220704274899376,0.1982510076304528,Q,0
-0.1321105572586624,-0.0882204039382377,0.09884956063612173,S,1
-0.8250186019717414,0.05367829245843517,0.5185472112260677,S,0
0.11494347097206267,-0.008171722694288997,1.3179323853909242,S,1
-0.5668898522507038,-0.6610153510960234,1.1238907974046102,C,0
-0.031203086674174083,-0.17228261289089852,0.5566610972602459,Q,1
-1.1951219871980376,0.15465911222452491,0.19792618135353388,S,0
0.8903085160361349,-0.639992386223047,0.3498162704047966,S,0
0.2528399862180234,-0.99980642832144,0.08179279861260311,S,0
0.11407070335738145,0.07287539698342077,0.5769345657066055,Q,1
0.9200871820894254,0.16104275042845612,0.2323716430950801,S,0
-0.6310073341331348,-0.7909967925630519,0.7557243879796848,Q,0
-0.7753836930723008,-0.7820327980971766,0.3023148018880547,Q,0
-0.8709875905335067,-0.577615842515819,0.7256556984407962,C,0
-0.966613833290244,0.4364900819110489,0.22501398013652124,Q,0
0.4184172917120934,0.8966901707099575,2.177464708872316,Q,0
-0.05020376747747176,0.19448226831347348,0.22388990353637286,C,1
-0.20734436482642046,-0.053251025159917593,0.4655896146292637,Q,1
-0.022382627029362563,0.01117863427630384,0.7010421561083161,Q,1
-1.1111681354265348,-0.2561870919918695,0.1577867380949025,Q,0
-0.8133551774024571,-0.1669527328385466,0.6267014298316319,C,0
0.07302303956028823,-0.2876504899415326,1.310091117929751,C,1
0.1552932787582969,0.08599863583907559,0.4901210696078261,Q,1
0.7289228296390021,-0.6212193987035389,1.0567716311485094,Q,0
-0.6339971099357384,0.8428468149410918,2.263491012722359,Q,0
0.08190059234090186,-1.1351385796142002,0.9409299252715554,S,0
-0.09559883847366277,0.044610741714783166,0.2726716865486998,S,1
0.043733715857870836,0.13699407556564785,0.31648795333098073,C,1
-0.9241154413380942,-0.2564390679960629,0.6432525513576329,S,0
-0.319636677474034,0.053254813649243185,1.6085866064009022,Q,1
0.07184242501011895,0.016130349212986034,0.1496766197453765,C,1
-0.6513225043468124,0.9599214039470506,0.013308823155350964,Q,0
0.9293345337894646,0.31957793395295275,0.6322414449038141,S,0
0.5390895487113323,1.0008033962799219,1.2282232706569025,Q,0
-0.7789349872700657,-0.4373913897176615,0.2866114255990017,C,0
-0.12500148799219826,-0.002359847511279252,0.14673593040631944,Q,1
1.0736193249806127,0.09818970248180736,0.031216738090659925,S,0
0.7982872233207012,0.2704717178172106,0.9759698279382054,S,0
0.6654716573498105,0.9334125962139168,1.464191600695072,C,0
-0.06694529618251109,-0.029025434063918432,0.6172054227525942,Q,1
0.9554461359594272,0.5312400361385301,0.660252073692039,S,0
-0.03149172356774698,0.053453408788454435,0.8379819141830734,S,1
0.4142742874336913,0.4584967616014989,0.4419459601161873,C,0
0.9799956133963442,0.4936128109846274,0.6018544575390415,C,0
0.0058465244921779005,-0.06763656675590925,0.2600222026086353,Q,1
0.2975610388497271,-0.7550223863781856,1.7022060082548796,Q,0
-0.11325556178104865,0.03573196052107931,0.20214529032968973,Q,1
-1.042272127933992,0.5548820873996199,0.6315172166206878,S,0
-0.157481006478274,0.8172468525690916,0.17584802024032636,C,0
-0.13222022594222346,-0.1110383490844922,0.07035062119096364,Q,1
0.04371535328030482,-0.05549587412827457,0.11002430087437086,C,1
0.0857148050088925,0.9583826200223282,0.7770175278716364,S,0
-0.2296592156078036,0.06931121724722993,0.3413195683465178,S,1
0.06840141145593087,-0.1575188257203036,1.3482055365446213,S,1
0.4099358382900081,0.8134307813075004,1.0692692635250107,C,0
-9.134438664373109e-06,-1.1027859490598122,0.12645276220539,S,0
0.0291599622416268,0.9180531818358316,3.1536030248329103,Q,0
-0.12151720293104773,0.1845823485287521,0.5827552461810253,S,1
1.0415490440706616,0.4298263215764124,1.7674092602633038,Q,0
0.0464036868571428,0.09100011485287482,0.1694637863522393,Q,1
0.018435964649391488,0.13207966509947847,0.43602771052280587,S,1
-0.07605874591176295,-0.8729229965518862,1.5016249770213417,C,0
0.032501923514600635,0.20303097574891926,0.1080822597467155,C,1
0.02174445485487721,-0.764780806290065,0.3047868643097321,C,0
-0.6164271367849327,0.4213522249977457,0.18914653041786306,S,0
-0.01215317831334857,-1.1975882293407143,0.2029494275942598,Q,0
0.12475609362858993,-0.18697909947009728,1.4463632740479753,S,1
-0.08323005708548853,0.06577482951695973,0.9649128823080392,C,1
0.1895310088995239,-1.1116039833660567,0.17828000276587044,C,0
-0.1827394759709176,-0.14293356397619816,0.8187876702361281,S,1
-0.14594630213372822,0.05981029729536067,0.8152524568448674,S,1
-0.9231864571471264,-0.4245176746051206,0.2949811562637916,S,0
-0.16900589422927967,0.09920048706851896,2.248608209452513,Q,1
-0.9809355026411508,0.2739518115397193,0.3879012263437369,C,0
-0.2406971248537694,0.2052386202747797,2.5377854759161167,S,1
-0.8122721875772654,0.6768644607475498,0.7450660766634088,Q,0
0.39728056180466864,0.9779325263318234,0.19944548911378168,C,0
-0.042450500230841404,-0.3032767631188885,0.2452160306484351,C,1
0.014903040638300962,-0.006217258798061929,0.9786332090308096,Q,1
-0.4957382370843276,0.6999509381110672,0.21548792699870747,S,0
0.02624559761382829,0.09278726181727644,1.772889281357554,C,1
-0.5716672324760229,-0.4553450435299123,0.08134707739373294,C,0
0.17942077632837705,0.19050259996686025,0.8835714572495678,S,1
-0.03744768429743495,0.08520060242738031,0.8270998163680146,C,1
-0.14826653583150012,-1.131657387263822,0.38724317137946135,Q,0
0.002898375870222889,0.008401369485549447,0.8329039363745318,Q,1
0.2168059717148647,-0.19981742683967035,0.2788100020452004,C,1
-0.9067986609857882,0.2247449300852372,1.6067827230329468,S,0
0.11733540373254513,-0.03323791086426485,0.19051829868532213,Q,1
-0.2228576226399755,0.9629969338510066,0.8921351702623038,S,0
0.02024408378054968,0.2522176664661301,1.5845442526739728,Q,1
-0.694554199582715,0.9184840518059147,0.7499862605432779,S,0
-0.1228027320510195,-0.016603081556748084,0.5170412361411805,C,1
-0.13750444890640875,1.0415518406756679,0.6536155500812068,Q,0
-0.062327985510088016,0.11395205724833488,1.814781882586061,Q,1
0.8263677148588915,0.5166124160410942,0.43565336127443177,C,0
0.02222546536827439,0.022748106417148986,1.1715247532667803,Q,1
-0.5598898365055732,-0.5992544319348572,0.6435708671570053,Q,0
-0.7243128768636629,0.2959686177283484,0.6388952592018293,C,0
0.5414926208519567,0.8144984602595695,0.3168289183925223,S,0
0.11812275313944245,-0.12272500852283945,0.10264444869997978,S,1
0.1805038306934739,-0.2578804496644455,0.4290002896358872,Q,1
0.3052805729345727,0.05765357416066715,0.14238837509353955,Q,1
0.0726472393918361,-1.158673080713424,0.5359561107264058,Q,0
0.15117687200154256,-0.14540590740196724,0.8040240899507701,Q,1
0.3686081209776726,0.7878907262921618,1.1217503556122508,C,0
0.4563815115996441,1.1703280502459097,1.116689452091915,Q,0
0.511268910793196,-0.7008450119213419,1.0894495200724077,C,0
0.16529987932319093,-0.08436620634715289,0.04786048457618222,C,1
0.009434689782418293,1.1836065321467593,0.33783757230192824,Q,0
-0.015401809045180856,0.08154083291334037,0.6381819977402925,S,1
-0.7245369234960706,-0.3744915784076121,0.8915266397785653,C,0
0.894419548398115,0.6574878569649052,0.2654305340660316,S,0
-0.7734848616882742,-0.7311443814245664,0.7794961533513961,S,0
-1.080261720481036,-0.0950631490657126,0.6185751473995785,C,0
0.1280424256890644,-0.20378779129933933,1.2908735699934064,S,1
0.13176623162892825,-0.09905569381053196,1.0948541214512657,C,1
0.830361215434279,-0.8778912783322155,0.7854145766402303,Q,0
0.9279778809410296,0.5672984374560409,0.7315435503519524,S,0
0.0811253463459472,0.2507324682215472,0.8332814920622957,C,1
0.08350794344112544,-0.8964327821932471,0.6139598996584023,S,0
-0.3799561191306763,-0.9031010939138476,0.8657532194626647,C,0
-1.1021301430438923,-0.3430371250910918,1.4093028515385562,C,0
-0.06831217291970187,-0.012576131960857495,1.6924788647255629,C,1
0.8746048366314824,-0.09515088644248228,0.7929477477854591,C,0
-0.29456420266407,-0.06914332623094993,0.2533729367265219,S,1
0.0814228320227571,0.028320776824968325,0.31545805435723645,C,1
0.5711310774175058,0.8897867009300044,1.064163090679057,C,0
0.0020075264660531253,0.11894283428314135,0.05638128897373575,S,1
0.026021066060176463,-0.2749806172779775,0.17824845588674648,C,1
0.1002401463593416,0.7582511978651528,0.3231607236243684,S,0
0.3873575540494644,-0.016700443442499158,0.2518071988174394,Q,1
0.8474373226921798,0.3058375522140316,0.26280914870525,C,0
-0.8176467482616464,0.7910734871168429,2.7497857049848493,Q,0
-0.0009860307193439262,-0.2017152633225438,0.06271504010066459,Q,1
1.128751709489782,-0.6116302849343955,0.014678889477853375,S,0
0.2261860385594966,0.0017162043841752164,0.08783863595438429,Q,1
-0.16619907271625742,-0.18601193670766028,0.2899062172264981,Q,1
-0.3115079277842245,0.8168892874020187,2.1306927195093097,C,0
-1.011484958997933,0.04280872819040518,0.6110948954893322,C,0
0.1090037110549009,0.12504314854491402,0.9301205473027719,C,1
0.08134761828399263,-0.1965011133691961,0.6531558176086896,S,1
0.2689579893153385,0.04937757356964007,1.5562995558569712,Q,1
-0.2155513866530104,-0.08267895992825469,1.7484412598440846,C,1
-0.0597231444903994,-0.10043769163825672,0.8806284353749286,Q,1
-1.1143205097527895,-0.26535300438440346,0.3485947512017001,C,0
-0.9502464426606698,-0.582593749136631,1.7849259315855337,Q,0
0.6494561291048205,-0.7393601137124548,0.07660288025200766,C,0
0.013861970924277704,-0.0009809082197490132,0.7937221526733076,C,1
-0.2976150505781769,0.6681717715780658,0.5004295254089925,C,0
-0.11835831038511865,0.0055871553372592786,0.1853398478161692,Q,1
0.017719189216465786,-0.04035904511836677,0.9546767241952024,C,1
0.11614916054317885,0.06624284213712249,0.8107379007857168,C,1
-0.6487123389418333,0.6618445099180112,0.0453781148592413,S,0
0.4763648198313225,1.261770602958422,0.1508345320130683,C,0
0.040856587431953466,-0.11280055168202854,1.1938396790056856,C,1
0.7382119750194973,-0.4826119965699345,1.6843396651526168,Q,0
0.6684072835275354,-0.6466042543088026,0.03502215920520568,C,0
0.161369192883206,-0.11762913493766156,0.08182116228108903,Q,1
-0.10670247690853543,0.13924220696769518,0.3454961623812127,Q,1
0.21265223236158254,-0.03767713709737228,1.0591511875543609,Q,1
-0.014669752437255797,1.131015730957188,0.24429179777702145,C,0
-0.0030969431043516744,-0.1472389971823062,1.253469680913904,Q,1
-0.13502950570441094,-0.04989602301005947,1.001722155623227,C,1
0.7859606016425607,0.5339565401607693,0.09214804675762138,S,0
-0.13250579127000986,-0.27600985137520184,1.5428657068422087,Q,1
0.06942419888741821,-0.008576021317422168,0.3680866667471644,C,1
-0.1674036988164146,0.3760364288548981,0.9447767512576124,C,1
-0.2165186898963277,-0.0813075588189113,0.4443760937730965,S,1
-0.07034995119117649,-0.16341606049404825,0.269028034743806,C,1
-0.5773379887539751,0.813519290183063,0.7421345468077158,S,0
0.5952383848680841,0.8801641680417411,1.5343026213388176,Q,0
0.3489233541571352,0.14189817371917338,0.0771882669868687,Q,1
0.9349944320495364,-0.4608721133106461,0.7661639827328167,C,0
0.16560791872184494,0.04160176026133168,0.2703966339333366,C,1
-0.646346227116806,-0.6124875636200556,0.4546344402466263,C,0
0.4154729405964245,-0.9878645270201332,0.01097926012516728,C,0
-0.06830675892676367,-0.10850021431610593,0.7048567873654685,S,1
0.8627041049663556,-0.5649227979584868,0.746368641947183,S,0
0.5456019415080611,0.8380615255279219,0.42348180164163896,C,0
0.03586980732859278,0.17581212757911555,0.32261739439699044,C,1
-0.17419179881180233,-0.059918370679712216,0.5816372278839026,S,1
-0.25264066207910985,0.1239082833212172,0.23277314050446515,C,1
-0.9040574068887446,-0.5118511896640697,0.8973434945489897,C,0
-0.0897163921388093,-0.1051555785513871,1.2041413057467187,S,1
1.074739358043027,0.004448409194001357,0.663681825833332,C,0
-0.2943159790372097,-0.9597443638504232,1.225563965266481,Q,0
-0.05878589464609268,-0.15873924525044575,1.5036498109716978,Q,1
-0.2565982221452989,0.2009513361248027,0.2661361202975529,Q,1
0.02263567019911224,0.2456802454895973,0.3646070190891009,C,1
-0.7997781302974292,0.6960312643557767,0.6634073883117584,Q,0
0.031511984711668495,-0.2168592025879451,1.2223544139447202,S,1
0.11324353639821025,-0.01481408515706308,1.4069510681920168,Q,1
-0.10760631260148623,-0.038961012522535685,0.07830336454248751,Q,1
1.5981248464685354,0.06762656821406074,0.04091570309003965,Q,0
1.4653040767788312,0.3950468025134048,0.5414560088921134,Q,0
1.6152067464036344,-0.13249083762277472,1.695666844059206,C,0
1.4596412569945907,0.023417869268603963,0.979143296306942,C,0
1.2809140576347116,0.13470876046128535,0.7861448914681042,C,0
1.3217781104829416,0.3273998980648502,0.896098525318233,C,0
1.42492194588864,0.11848792497360056,0.44121005667722224,S,0
1.3699865782201013,0.17059751684221722,0.4529117783485101,C,0
1.5459356854393256,0.095798482730159,0.2762676091809598,Q,0
1.3446031452550131,0.0023711203935346983,0.5025694162965743,Q,0
0.858293832832862,0.2733947462630165,2.086803928238304,S,0
1.4336895710129032,0.0537014894413408,1.380261547961229,C,0
1.6688357996131942,-0.050494533150207084,0.9664310551359474,C,0
1.2904249168941728,0.1797942440989828,0.197777411819526,Q,0
1.5389733221145463,0.4758516087810071,0.6919784805190062,Q,0
1.3031595408900742,0.30750517477420936,0.5319630776653386,Q,0
1.123775776750032,-0.07513162846111457,1.1056932263538335,C,0
1.2116514074025315,0.3020322186772437,0.2539349204706733,C,0
1.4748040596655352,0.49475418367876095,0.2205571720673712,C,0
1.1976630206471324,0.25635953128361044,0.9025921087038976,Q,0
1.0819526583708818,0.08331382193106443,1.1908553643264597,Q,0
0.966636468267629,0.6687749999710385,0.2610504715491977,S,0
1.1645047543458822,0.2808029592002323,2.7304333813393717,C,0
1.0343559098741508,0.5019209113465618,2.3004322431041406,C,0
0.9685751719333421,0.35020094869398466,0.4826875234429879,Q,0
1.0850396223419685,0.4671086148256469,2.0393446016914045,C,0
1.1449017282440281,0.21769985363268468,0.9683405241418654,C,0
1.2211249000714912,0.5050534939995233,0.008480056622815205,S,0
1.2315954255327917,0.4991535508448953,1.4221310698519534,S,0
1.1074271913615128,0.4020321852753996,0.9382904634988682,C,0
1.0950636159805909,0.4177974341897299,0.7623517593964383,Q,0
1.0651786472192828,0.20197106438428805,1.1600336339660815,C,0
1.2262864196165155,0.4408847886691669,0.007249872946185852,Q,0
0.9143100037699312,0.6019885676116172,0.547866712748266,Q,0
1.0298043383097264,0.5474670271808169,1.0160480683629476,Q,0
1.2994914732138292,0.5753111909525969,0.03770221105830752,C,0
1.3617855427241004,0.3595649330064455,0.850188593214209,C,0
1.2299895887556491,0.4671652755481289,1.3063178005274791,Q,0
1.00741266524587,0.499628225462748,0.7045595584344984,Q,0
1.094326216435913,0.6214070546517593,0.3764582541701855,C,0
0.9422883609646352,0.7785194526274876,0.6646074289636653,C,0
1.2099358333848311,0.3809203610319282,0.7290768290993905,Q,0
1.3746150631021423,0.9751154328756576,1.1397295198902584,S,0
1.313998400577729,0.638364096663671,0.3949923529195622,C,0
0.9253356332978178,0.8609293608010465,1.1139340572951255,C,0
1.0294893991141525,0.903168050367326,0.33769374466496355,Q,0
1.1239849233497736,0.8753646479202974,0.6253409686130348,S,0
1.1400005900770305,0.8433491668590837,0.43337405462342266,S,0
1.0723668804187745,1.0392617473348698,1.6155068836696926,S,0
1.082689169599251,0.8187807168711025,1.1896635946806342,S,0
1.3699745604899387,0.5363495466471416,0.4912285482148786,Q,0
0.8273251155880507,0.9411045216534784,1.426376346163718,C,0
0.8339296627778929,1.1187813673777176,0.27689242785151397,C,0
0.9522733540292072,0.6768976338839466,0.2919693707530003,S,0
1.3369781945123156,1.0662057694303284,1.7120085083113954,Q,0
1.3172846799206164,0.9817727339218368,2.0727914671378387,S,0
0.8456281235406375,1.1639737271140145,1.9451933685261882,Q,0
0.9352342252661516,0.9891766133684342,0.10837878912170153,S,0
1.1298090716052,0.8396187219321762,0.14326485589575474,S,0
1.0625464661541135,1.0337855780520748,1.3359275426645425,Q,0
1.0112751304131364,0.7041125040985665,1.4759667754499248,S,0
0.9868039837951024,1.1259085140967549,1.6865518347436257,S,0
0.8076144120774702,0.8881567234231276,0.08589399244553403,S,0
0.8399040104975473,1.2375219504850798,0.6076278127071325,S,0
1.0153671114917482,1.0052627826790266,1.6028110505978626,S,0
0.7597954211260369,1.0387923289761525,0.4090871523033517,C,0
0.7639704309062353,0.9641464169139914,0.7794814963490266,C,0
0.7583574404184963,1.0840407158973953,0.3177280046542185,S,0
0.9510053304867684,0.9453243052642538,0.4769877951658845,Q,0
0.9080978844800957,0.8064478693394268,0.27387603852280984,Q,0
0.5766286535060493,1.0759244131222327,1.0307360315625151,C,0
0.8441665903958683,1.1193213048718964,1.1173153071519109,C,0
1.2059689639694409,1.1817919950789844,0.4611037017329066,Q,0
0.6360424309029243,1.220963270930385,0.12622381535311536,Q,0
0.5548881255983276,0.9640292821184536,0.25994667932039706,C,0
0.7525879966803525,1.3412770126461746,1.0181137593666618,C,0
0.6249809495227616,0.9215729128989659,0.1915719386206501,Q,0
0.7208111572368855,0.9584645465217596,1.0894697990266071,S,0
0.914339772270644,0.897266244041138,0.05206873643734476,S,0
0.5163904484970736,1.014794864492975,0.09351403008205574,S,0
0.6124073493056962,1.4237172202476904,0.010230034477296044,S,0
0.8431791353201382,1.1210889861271964,1.4127225716902478,Q,0
0.46167279123366,1.2574819960636094,0.6058372616826755,C,0
0.4856737684176527,0.8620341269952695,1.9938980824929573,Q,0
0.841322578920318,1.184802182485683,1.2059637863013049,S,0
0.7819049175511884,1.1930636574043931,1.6255472765231342,S,0
0.7567194852264871,1.0369552690977146,2.276281641940771,Q,0
0.4226667785463596,1.269766857047203,0.4417424603080843,Q,0
0.4471219476716628,1.045459938956859,0.3522606060569261,S,0
0.4912655035517817,1.172180804911517,0.49832555973107,C,0
0.4936881080327557,0.9439083996181804,0.7199020283256494,Q,0
0.4299167452125107,0.8073826291645665,1.7259387434724074,C,0
0.6294424816513561,0.9190657806096524,0.19393535555333166,C,0
0.3221449825249549,1.2051172999707362,0.2274834207661581,C,0
0.3687266777882095,1.4633698355085338,0.20691910188080312,S,0
0.26006910074681844,1.2538410285747388,1.4142490350525248,S,0
0.4566966460467792,1.0172198240753332,1.9568342569991282,C,0
0.5364695557567385,1.1913626849734764,0.4012460500550804,Q,0
0.5630980110349925,1.3650598986805944,2.0925323975876986,C,0
0.7828135681778088,1.4571010199479182,0.7977839205757838,Q,0
0.3393303620751587,1.195918390173368,1.5177423144882936,S,0
0.5719965277550675,1.352063478662755,1.4070078311854126,C,0
0.4787072691214621,0.9728127542340576,1.3077583819494174,Q,0
0.3507264011491026,1.1259087494061504,1.068459907326666,C,0
0.38640121541517336,1.238408714633596,1.561719756124807,C,0
0.4771170887819592,1.3127679878345506,0.9913913270691735,C,0
0.4403381217272591,1.1842964254407018,0.27373306520908885,Q,0
0.13194057198401116,1.1975865364713196,0.3968633772342837,C,0
0.27273279295608743,1.3345252039474604,0.928237689474478,Q,0
0.6414461873354831,1.2666701094688724,0.3817479471453474,Q,0
0.08204100387816256,1.218502505854099,1.3478321801524549,C,0
0.14918225695266893,1.3613040039556823,0.13712059433397236,S,0
-0.04896638068779307,1.2933830044900845,1.1113038176482628,Q,0
0.22174287077313265,1.324485863277135,1.1401294254893632,S,0
0.07818096223488305,1.2473910810802613,1.6435558212014294,C,0
-0.07773308998445233,1.2063780514206104,1.4726086493686943,S,0
0.05496971088870077,1.3620071614941918,0.3560246657395583,Q,0
-0.06492460167132386,1.4254588012646792,0.16662096477013832,C,0
0.3667744435350074,0.9451462226588372,0.2867604252432315,S,0
0.16996257268781165,1.4107040282589098,1.7988720429847258,C,0
-0.026099181930219432,1.2302958103351862,0.011893970206761393,C,0
0.04286079602150498,1.2480313849689306,0.6130334839238577,S,0
-0.003225954298048832,1.015831671163,0.030287425081123306,Q,0
0.2274131585246861,1.4820449881225126,0.7736047010754067,Q,0
-0.12112270795715198,1.052071646066336,0.5598784242958498,S,0
0.08805996412051627,1.202691833101592,0.302931375698888,Q,0
0.007654232752853319,1.24593085496744,0.9302521583812065,C,0
0.08420092485452292,1.4170020513461552,0.41353392751384976,C,0
-0.17162319443126073,1.0652878059710016,0.6379659078997729,Q,0
-0.3328342027833295,1.4015121586569403,0.00556879096167328,C,0
-0.2825448899536083,1.211782783080275,0.6055634440391143,C,0
-0.19870191968444856,1.2874226972692449,0.289072128779065,Q,0
-0.44143784270402586,1.3268772747442812,0.3432140173964471,C,0
-0.04193264627859878,1.308379654786238,1.678744841482985,S,0
-0.199253063352568,1.3081553317754353,2.139657255933485,Q,0
-0.09549437122041368,0.8211809358727171,0.39584499979593424,C,0
0.15142180220433787,1.353525624939906,1.5013643653585609,C,0
-0.30555031628039075,1.2191761477525835,0.0234799361315806,Q,0
-0.1279859543813358,1.2630701617734206,0.2457881610132429,S,0
-0.5707156517229316,1.628832928457692,0.02393950739722885,C,0
-0.2622770800337299,1.4493826142272657,0.8392052198033756,S,0
-0.3765793989442914,1.5334592902670607,0.8176299000643914,S,0
-0.22721715947587576,1.3733431686650026,0.025509966863618703,C,0
-0.468199808113031,1.4715684885789266,1.5362385387941744,C,0
-0.19086942632446285,1.4831332655855611,1.5514158632522834,Q,0
-0.4294436508937382,1.1778645264473473,1.2468136269943078,C,0
0.0502679637317202,1.0758534564433144,0.4080052632725603,C,0
-0.3778130155871591,1.4427706133417668,0.7853162242100202,Q,0
-0.3540095216671583,1.3445974976008956,1.2067079728727141,C,0
-0.4536609419955714,1.3038633532168664,0.25989903626107946,S,0
-0.6225251306307004,1.5165975560391731,0.4377743213851302,S,0
-0.4371964163761007,1.1162776800176997,0.7498558826680806,C,0
-0.3200466670164893,1.1480260525920585,0.2876030831954908,C,0
-0.6735254817939376,0.9927587564702494,0.3321346555590348,C,0
-0.3460877795225937,1.1876597141468763,0.5973715760158937,Q,0
-0.5011574820740476,1.390848134864715,0.0873301108218309,C,0
-0.6841463858582313,1.0791158286506402,0.12004703297238199,C,0
-0.5738304546399987,1.212246820170217,0.32444028261532365,Q,0
-0.5309053416958694,1.1413295888932986,0.35461973122845025,Q,0
-0.5491031172454338,1.1650031701972858,0.5097632323711482,C,0
-0.6751262206998476,1.0388793531401863,1.3490935023593502,C,0
-0.5218572321908672,1.018662178010038,0.3624493641579189,C,0
-0.7784912197202961,1.1092164609564008,1.6548066700143045,S,0
-0.6240995445396191,1.5359636545010051,0.4518241607429406,C,0
-0.7310094584346359,1.3063896568852842,0.4989389560322158,Q,0
-0.5000049478516473,0.9382669866275912,0.528383446453442,Q,0
-0.5098657908317394,0.931163052877713,0.7891434326419458,Q,0
-1.1041102703479382,1.2255684419674209,1.0225763594696209,Q,0
-0.9655169025169328,1.1909925770969476,0.3766931676227517,S,0
-0.7983248606672743,1.3867569108891875,0.3881256178956913,Q,0
-0.5159967449882898,1.0210041023017349,0.2935556710457555,C,0
-0.826557207018397,0.8836073709318779,1.7066987623588792,S,0
-0.7984542262920924,1.0323945902683744,1.68322036913454,C,0
-0.7990828428669785,1.0970753284579848,1.6534191084044283,S,0
-0.6530743813327675,1.1203326291641855,2.20667253585458,S,0
-0.8932611511204038,0.808735333614965,0.3151544174915313,C,0
-0.5466705956454568,0.9255201681432002,2.6788071874450097,C,0
-0.9005470053920054,0.944106524463298,0.7560645654190183,S,0
-1.1146962509939085,0.9413973550947624,0.9594987489175428,C,0
-0.8970606022452536,1.1168415444571842,0.8018863711169583,Q,0
-0.7106119284741568,1.0023044958641056,1.5609737688010803,Q,0
-0.6836903748149603,1.0486293465772956,0.48690881408766096,C,0
-0.8562117593396753,1.0077236553993345,1.7497697783302657,Q,0
-0.8980358680797834,0.9029939211797836,0.6827013199589338,C,0
-0.923179618292412,0.7681331375471949,0.3109028581034882,Q,0
-0.8425165895088415,0.7798213254007359,1.4428468381214214,C,0
-0.759513613928202,0.8942432323070784,0.5410250257075055,C,0
-0.9050803088396384,1.0084547955635528,0.1743484199928294,C,0
-0.8162762357764359,0.6480096046794505,1.0567781470922704,C,0
-0.9713684536259904,1.0504995336982987,0.6249556370220429,S,0
-1.2346390991318863,0.9553616380490608,1.8704832272278133,C,0
-1.339957407334596,0.7051289939829151,2.4394369048155164,S,0
-0.9631949257904447,0.5858305753721171,0.4611012682454464,S,0
-1.1470781096255571,0.6048213662174972,0.15609525441211955,Q,0
-0.7126404607718048,0.8689272407176369,2.0799399892798256,C,0
-0.9057951586514252,0.7910190946862352,0.19443433707999874,Q,0
-1.071730957577097,0.5428146317958863,2.5779142034585862,C,0
-1.0714954760819937,0.6745253132212703,0.3624081513145193,C,0
-0.8871983750367811,0.9831556024681168,1.3523400871493767,Q,0
-0.7941852774001038,0.9213577557437226,0.8494476286384122,S,0
-1.1528946080274165,0.5755342373529085,0.5469990781104445,C,0
-0.9316749482343196,0.8110580006017648,0.8452471008101636,Q,0
-1.369475375081374,0.7975260568384803,0.9170849263855576,S,0
-0.9421208189541072,0.7338967260063397,2.2427375327046626,Q,0
-1.1200605224553628,0.5738200563473858,0.9082781985734816,Q,0
-1.3420906673788324,0.8318251869111603,1.628779096754776,Q,0
-1.1585331674995183,0.6432711531488002,0.02884874742601722,Q,0
-0.8219547724624144,0.7844520809751614,0.26214298086915805,C,0
-1.0604310171341798,0.678718607203132,1.7872705338225805,S,0
-0.8743597496009679,0.931156136966116,0.4985665039194656,Q,0
-0.9821123202169826,0.724675732278479,0.5361021420268444,C,0
-1.5009665133992782,0.6328241153203947,0.07860497398882367,S,0
-1.1765654587163439,0.6133319145740955,0.013142331672190588,C,0
-1.0026190626391374,0.11989273966200695,1.4823383994294586,C,0
-1.2654405640727435,0.6138643326312013,0.04037800092198137,Q,0
-1.2551720654887424,0.3140559459162564,0.14710800360200615,C,0
-1.036282932604936,0.5854796073792646,1.251034991945964,C,0
-1.3539301968123107,0.5769824739909357,1.3491715846863392,S,0
-1.057453416239216,0.5096802241129551,0.4042147105762216,C,0
-1.0673049171049571,0.5069387937806621,0.7488505113998895,Q,0
-1.2755031297233128,0.2826198512184957,0.0294519996730434,S,0
-1.2291499248117983,0.4961709488569614,0.2435634562956204,Q,0
-1.0723382782417774,0.4285826379525309,0.14636921621735266,S,0
-1.1485844592093766,0.2696459775588824,1.602770780161494,S,0
-1.3634921238280195,0.3985709012138279,0.08481572045461024,S,0
-1.414605681597167,0.5403439771953029,0.9236732629203174,Q,0
-1.1630548825157914,0.4333212402324701,0.3960830893029919,S,0
-1.1888035285610945,0.7120814031018996,0.6233410472035541,C,0
-1.3298740208283004,-0.0172060610770718,0.0285882070174408,C,0
-1.2213143972077534,0.33054195975434464,1.5815968688984818,C,0
-1.3466188276514786,0.1578746070826791,0.3922371199609217,S,0
-1.3373442819736392,0.33809489066865384,0.4249544912497297,S,0
-1.3518609570311395,0.6992566610770888,2.580327804661271,C,0
-1.4327738011346538,0.1415724086010747,1.2602387757656248,C,0
-1.6605883548619762,0.3021238408073689,1.1296747033532222,C,0
-1.6177461460454547,0.15242787592115115,0.06223690083655674,C,0
-1.3265219552287009,0.10758595043973453,1.0713378321053242,C,0
-0.9888222449804164,0.3794809668856677,0.12539318825835696,Q,0
-1.062313136064322,0.04616448552204802,0.02505250080846434,Q,0
-1.0968674565026844,0.2629515378221591,0.07358647815901179,C,0
-1.1593815063824344,0.336908365697883,0.9567123233931256,S,0
-1.445275692243091,0.07500362239026051,0.25612673549098885,C,0
-1.1476575961611821,-0.3183293974061842,0.5536176135450586,S,0
-1.0392212459312526,0.2076858743670478,0.6973466428096242,S,0
-1.3040305396903775,0.13519064100927464,0.1258869536673608,S,0
-1.47149380983597,0.022487246772548385,0.5100497085019546,S,0
-1.1124099904285796,0.28468332695683196,0.8908765355474045,Q,0
-0.8434144495495209,0.03650396886952475,2.363318892395587,S,0
-1.4108848974583357,-0.05423641616751953,0.5820703631266455,C,0
-1.4719464343885256,0.0031783980943543328,2.0423871541227387,Q,0
-1.2353182193279268,-0.005786945409900045,1.748436851097248,Q,0
-1.114614740547441,-0.05591832227558505,2.4735652029408977,S,0
-1.3583086063405474,-0.1309034966657338,0.15179975280671346,S,0
-1.5749915493663955,-0.3139499828790439,0.8353487547819719,C,0
-1.497635733865592,0.15462373047764436,1.4254613174006243,S,0
-1.1461357608383549,0.15074125183230794,0.635210038700848,S,0
-1.5214503399652688,-0.4306224197601501,0.8758320448365616,Q,0
-1.4065232099887846,-0.08449315240893762,1.3043413712555083,Q,0
-1.2091576656159295,0.0466370650520212,1.2239579139928096,Q,0
-1.2436514393095917,0.14779772359527554,1.1504992904819014,S,0
-1.3273694717890874,-0.31724359148265924,0.11000444995019576,S,0
-1.5717257318242055,-0.3293635374081607,0.12369335881068876,Q,0
-1.2443293327528024,-0.3454869893497481,0.6696470389848383,S,0
-1.1243822511327701,0.027255067566979287,0.4783548513983475,S,0
-1.6803938218712628,-0.08150513788375642,0.3721206396553831,C,0
-1.6554665118611287,-0.17574236865118362,0.7230958109593347,C,0
-1.0668084427507925,-0.2486622926966651,0.2587371678079482,Q,0
-1.4867160309101684,-0.3745471164216145,0.7845572173877684,C,0
-1.3111030149476923,-0.3223513576946959,0.3499886999288215,S,0
-1.2974108188786428,-0.3260188858341163,0.15273375243511306,Q,0
-1.2230799812014022,-0.5275458007952261,0.7670891992583228,S,0
-1.2958974817313231,-0.08250782038675168,0.1964871778429948,S,0
-1.315641049572997,-0.4298458159157512,0.5721067364141155,C,0
-1.0638629813948823,-0.8030272498231213,1.0243465804899388,C,0
-1.0416709245529154,-0.492945791153019,0.7559145264773481,S,0
-1.2086695424392129,-0.3854437835367493,0.12902393819605276,S,0
-1.0719506843449211,-0.4624502048631461,0.4429033762304401,Q,0
-1.340474053745116,-0.21332946925984708,1.20413720922843,Q,0
-1.6198993900468956,-0.4445993234186863,0.5679496249420063,S,0
-1.4424270216179171,-0.5920413449425848,1.813470917182037,S,0
-0.8688070524874568,-0.4860985455611212,0.21239493203595447,S,0
-1.169633590066212,-0.7947969467925865,0.325197847969978,Q,0
-1.319509948911935,-0.4755675661651987,1.3221130989938543,Q,0
-1.1298594742710588,-0.4195245387352977,2.042489308323645,S,0
-1.181679646973424,-0.4496245440624319,1.8729280586639048,S,0
-1.0995860249703948,-0.8627392084943603,1.8858395641082664,S,0
-1.162972860033467,-0.438474989739386,0.8771024005655698,S,0
-1.062304161692509,-0.6443903198021058,0.6283347760366762,Q,0
-1.2907282632317612,-0.7864485340182901,0.7873268695661791,C,0
-1.1691267223159378,-0.4204246121693394,1.1555473248144994,Q,0
-1.4690535772074136,-0.7378014786565152,0.5345099431869682,S,0
-1.323865496037508,-0.5078877229231348,0.14403961108806349,C,0
-1.216778769241236,-0.7342479263546489,1.0162959061000685,C,0
-1.1514491303710417,-0.5934999345147376,0.21049961420243685,S,0
-1.1726065670203878,-1.1975251952108723,1.1675741371254291,S,0
-1.0058065935081286,-0.6223765736261206,0.7259182989170767,S,0
-1.1258888858427594,-0.8935148396481066,2.438401897589836,C,0
-1.020323830249407,-0.6598474962671302,0.2569954918811173,Q,0
-1.1500279340934034,-0.7740772523920496,0.3961907312937429,S,0
-1.2184374748589493,-0.7810260710117067,1.227530751105147,Q,0
-1.3137446520065397,-0.6935939472258352,1.0380441882254017,Q,0
-1.2016353552814454,-0.7370370459911137,1.517244646313172,S,0
-1.2697952510914607,-0.8900291291549393,0.9261519320003554,Q,0
-1.0408476712337462,-1.0838757652233404,0.5859036968531491,C,0
-0.9925410014764549,-0.8800747078046179,1.2737572449210146,C,0
-1.2961254130382858,-1.048899212118278,1.2060433018887218,Q,0
-0.8889099701049961,-0.6898237884821039,0.06267160868730995,C,0
-1.0028193550797493,-0.7851567362439994,0.3656652507340147,C,0
-0.9318939268515548,-0.8101091436849396,1.8126698524123404,Q,0
-0.7414357553690567,-1.1326153798555436,1.0265951502781507,Q,0
-0.8333373518787207,-0.954470751199947,0.14504524042971922,Q,0
-0.9743014922428059,-0.9528295020035532,0.7331024606470768,C,0
-0.9883962430878276,-1.1206721171498346,0.5843448471106274,C,0
-0.8824606360639695,-0.6426070078307541,0.920693338941783,S,0
-0.9112357780124866,-0.9366358045765102,0.6833620751965178,Q,0
-1.0060647749867713,-0.9675124139924958,0.06602726928107966,S,0
-0.7991505245575805,-1.0213380250446602,0.2214689371689965,Q,0
-0.9425083106023155,-0.901571781763848,1.3127893390032903,C,0
-1.0087042885782622,-0.9378548649809434,0.15178438924229296,S,0
-0.7025383663030973,-0.7613439607710494,0.07235304592162528,C,0
-0.8439257459031005,-0.7705432820811916,1.8554918240895384,S,0
-0.6411834988625338,-1.1803609282598408,0.2232779702426244,C,0
-1.0090491054766768,-1.073713816575002,0.1866704804091321,Q,0
-0.6164192887544562,-1.0444040225198272,1.5683463600857517,C,0
-0.8787876052189412,-0.7797079829039326,0.7649297473937992,Q,0
-0.7156339695076498,-1.4439025252960669,1.0263055221144692,Q,0
-0.6972443686054836,-0.9733541620698624,1.4762185501801444,C,0
-0.6993217712591671,-0.994591031977749,0.7272898920057796,C,0
-0.7353078793426283,-1.3025835709245166,0.12540512328926284,S,0
-0.7729616272988062,-1.2485955215037978,1.3637367080386515,Q,0
-0.8542080473969451,-1.3110848541509046,0.1974034956016445,C,0
-0.6062563622935838,-1.0897483777583656,1.0756875153273429,C,0
-0.7445113402089985,-1.2245227628381834,0.2933685714321626,C,0
-0.6586686668751148,-0.940716533299675,1.469960964742229,Q,0
-0.9792579999320958,-1.0675467490465824,0.2227715191152766,S,0
-0.7185050999412352,-1.4576936918585492,0.8252834803314874,C,0
-0.9407389328696412,-1.3012390048743037,0.5647839902863219,C,0
-0.5603567038789093,-1.0881497476149724,0.3705237144410638,C,0
-0.7415860666995873,-0.9901173038478048,0.5535044541243778,C,0
-0.3277662857349903,-1.102288194178624,0.5722428095900116,C,0
-0.6534601298941656,-0.9862483260235728,0.0141862390399806,S,0
-0.4110263827241655,-1.0365459093715133,1.5785941487214863,C,0
-0.6347207274979504,-1.6688532357986174,0.4765015123265086,Q,0
-0.15104808425762198,-1.4685398517586703,0.0350428549961732,S,0
-0.4997576283227188,-0.8002544045286577,1.542483356935054,S,0
-0.4226944466797119,-1.048286777623385,1.1091599118838291,S,0
-0.7172404625527349,-1.5150533405435922,0.7412901651767294,S,0
-0.5380625719714164,-1.036017309830606,0.4421593468395233,C,0
-0.4911815645322775,-1.3601812349218074,0.09680311319550934,C,0
-0.3837702207486732,-1.0483807445705098,0.6499053571531229,Q,0
-0.6459169863308317,-1.440955237190546,1.4922151998928452,S,0
-0.5194391600622283,-1.0563300228442924,0.8580211839879658,Q,0
-0.3308402033256332,-0.8857443993361839,1.5528235620308068,C,0
-0.196578188507064,-1.256567057952886,0.03574028452503017,S,0
-0.1252958035398642,-1.2192531353315692,0.6436890607599244,Q,0
-0.442428561888069,-1.1442423607897982,2.7081826524486714,Q,0
-0.4251279006333645,-1.3121983628249299,0.8102806937289969,S,0
-0.0671567136172968,-1.2840015057932908,0.5966853623479086,S,0
-0.4113401373594065,-1.3489216304912497,0.1260523615133908,C,0
-0.08694036570424353,-1.3671909419069481,0.6216581137039285,Q,0
-0.3089768820792013,-1.3632128989453793,0.7507876430883841,Q,0
-0.1964465681243464,-1.345081404391445,0.3620975708683969,Q,0
-0.4821386070297072,-1.4326253066420405,0.3768537032180053,C,0
-0.3529346138715719,-1.0751262921863671,2.294907834372483,C,0
-0.0417854647736008,-1.1883530182870758,2.1662134718647,C,0
-0.24833875925128016,-1.4276178823058023,0.4390351483382467,Q,0
-0.23248377501561984,-1.4694624410072437,1.5152611198131742,C,0
0.29155663687162464,-1.6728956806504574,0.7525152505016266,S,0
-0.01888911308849243,-1.5120630302468614,0.8409000009889442,S,0
-0.11555889724891552,-1.4632788986202394,1.3730802994493494,S,0
-0.2806469700476717,-1.4901279218147618,0.60271619932873,S,0
0.2312750463487079,-1.3208330869581435,0.4633890610420826,S,0
-0.17840090833771102,-1.2051483175027606,0.9390901824631288,Q,0
-0.03092008991463349,-1.1779037407395507,0.5308309816650648,C,0
-0.3246352267018521,-1.2485882976108829,0.426743056075845,C,0
0.1305854274703023,-1.5808101111983612,0.5146419392481925,S,0
0.0920808549158981,-1.0132426716570018,1.0334984047255305,C,0
0.030158172209394,-1.160771842711097,0.6529790646038245,C,0
0.16232364357345888,-1.4186447773120536,0.6016124545524115,Q,0
0.07203819177881843,-1.5631801497234334,2.07338903491204,Q,0
0.00535746211778092,-1.2525334791874592,0.4125176832281924,C,0
0.22012883062800104,-1.2921471211719011,2.0093067901060926,C,0
0.23588380591016064,-1.4813648418755818,0.3610625439491615,S,0
0.11328338990680575,-1.2901781060929802,0.35339914223733,S,0
0.4592942210243847,-1.3278888685738253,0.5861695859154207,Q,0
0.07859939181257859,-1.2861407548792616,0.04800696404638568,S,0
0.02379720570700911,-1.2550244529136252,0.09785397806041174,Q,0
0.13359893426066685,-1.5879816237782485,0.8110510954359703,Q,0
0.20152718761172653,-1.3363565103444321,0.2463411643955392,Q,0
-0.0483495613816298,-1.291279307017821,1.6213520734286069,Q,0
0.4952968665520298,-1.1888730924886997,1.269755847849762,C,0
0.3630386702402945,-1.5005245147230557,2.444325769256516,C,0
0.35620506724652645,-1.2453605813854185,0.9000771038123673,C,0
0.3809606345127144,-1.1954606975537587,0.1406628784174272,S,0
0.07764575352069762,-1.2701179899423731,0.36968644224221336,S,0
0.1952166779024584,-1.2676223214013551,1.1960633466458293,C,0
0.18743320153045706,-1.0331886384364275,0.2462066714849217,C,0
0.20967118252542946,-1.4025571975045872,1.0406173506895653,C,0
0.38313014391683015,-1.4281080684518637,0.13778494574161593,S,0
0.3143859579389907,-1.3815879251545515,0.8954272982257941,C,0
0.6402101714847758,-1.1035726244492317,1.2516218152085234,Q,0
0.40751434412872056,-1.2973434783105764,0.14021324497856708,Q,0
0.5916804847430769,-1.1574082070861558,0.10775048807222233,S,0
0.5322066565182751,-1.2247805030612149,0.4705567339166398,C,0
0.17802456763385416,-1.23363437624616,1.3584160922664588,Q,0
0.3885711221437494,-1.0996950904400076,0.10892966828117076,C,0
0.6647141953543599,-1.313794095449433,0.35931066999271416,C,0
0.5879428714811856,-0.9029378509667456,0.29507969252589594,C,0
0.4109349166513368,-0.9055687503348326,0.0727288045264002,Q,0
0.3946012471194299,-1.1792575631927509,0.9079952442097678,Q,0
0.5516294706333233,-1.174331854127785,0.23231844735512866,Q,0
0.4266829075637701,-1.2691367715724708,0.6275452425454148,S,0
0.4700534525223037,-1.1067371727732895,1.14337192476838,S,0
0.6532297531601773,-0.7783927913938419,0.5236231645339149,S,0
0.8436122538781323,-1.2331421022868418,0.9325874762223798,C,0
0.6811827414017858,-0.9706857453032148,0.9270723366373579,C,0
0.6457172523259882,-1.1430083078279156,0.9822868985684459,S,0
0.6634263274546002,-0.9765306920820616,0.2958917386508128,S,0
0.5254052255618741,-1.1698227932823575,0.4412790849176767,C,0
0.7622302204287399,-1.0536582712404472,0.534295630127751,Q,0
0.7370643198884258,-1.1601227002579624,1.6708928012418938,Q,0
0.8746711991196388,-0.7281627182772173,1.2903336205406095,S,0
0.7926225198659236,-1.1124215315164792,1.8790966700038767,S,0
0.8651697426879617,-1.1617057925282106,1.1296571745065256,Q,0
0.6241468461941581,-1.0556963475856225,0.8398307597239075,C,0
0.3276281970082942,-1.2467397041446215,1.2645181615273846,S,0
0.7184709243241514,-1.2707597973591032,0.7454309465601907,S,0
0.6157927027832171,-1.1059979872725894,0.5472567913182766,C,0
0.5255563624107619,-1.090801095345516,0.3890707848873032,S,0
0.7255381118718601,-1.007707511820063,2.097524500334293,C,0
1.0237082878267862,-0.9725139692212316,0.228378331665698,C,0
0.8447322316470869,-0.9743674610766916,0.3323928783730647,S,0
0.8919908614743147,-1.1523556265719856,0.5976337995413957,S,0
0.846418397778262,-0.9175445291810492,1.1260534840268592,C,0
0.6462742135075544,-0.8124717086097472,0.7040504599371057,Q,0
1.0726637875307292,-1.0543617576957818,1.1189449899490986,C,0
0.860963210801072,-1.0848159002891815,0.4531625967134037,Q,0
1.0316402624648453,-1.1043429469504296,1.3183410123217147,Q,0
0.8873977656410177,-1.0586024251580002,0.4075713126219043,Q,0
0.9450130051691872,-1.2049740444384092,2.4245999765769843,S,0
1.1718312332076375,-1.0529297233981534,0.5480561980876273,C,0
0.9688892540122764,-0.9138490451235144,1.1325961576406376,C,0
0.8409261365365344,-1.0158502707560004,1.1595986367635502,S,0
1.1387781488173006,-0.9423947427130712,1.5616808849739152,S,0
1.0370030255185878,-0.9766257236719268,0.4282828267294429,C,0
0.8922935536262546,-0.7488414183084501,1.9728946710191928,S,0
1.169240027879909,-0.8456272416711768,1.377914657262056,C,0
0.7818705034703711,-0.4655629195396834,0.7381321857208603,C,0
0.8874306851506049,-1.0508376575475191,0.1557896624882818,S,0
1.480494835664958,-0.8455579356355822,0.5563139144253749,Q,0
0.8046892683712537,-0.8796221485675024,0.8118262018911488,C,0
1.1233561133601029,-0.7186818612155721,0.016565032570273374,Q,0
0.9266501425810992,-0.4294093454431583,0.4491958357887597,Q,0
0.9916277033736766,-0.9241503352141966,1.6604255635298424,C,0
1.251143636394636,-0.4857010296893433,0.11269360272834725,S,0
0.9594699696554776,-0.9334025259963388,1.8566703769781798,Q,0
1.2804368935263368,-1.0287247095564795,0.35574013014561423,S,0
0.9074855926137204,-0.5052729945574681,0.6218923807117145,C,0
1.113745861734902,-0.6993155740386535,0.9837170619367454,C,0
1.1908648875679329,-0.6663644215919533,0.6792519832536027,C,0
0.9197206280114604,-0.41062304285718426,2.533782364512527,C,0
1.3709059693033112,-0.577213908536457,0.2361125359785164,C,0
1.1622050320656176,-0.20205722659054426,0.6514923615018697,C,0
1.1152767005889666,-0.6267666908469943,1.545041816339801,Q,0
1.230824158157928,-0.3195970860581571,1.7156408024356469,Q,0
1.4454534257023803,-0.5972118537879683,1.3776590709769434,Q,0
1.2352457424576235,-0.7715843612250988,2.5019047680052444,S,0
1.1370895621693529,-0.6657874432637645,0.34909522572438473,Q,0
1.026146835437103,-0.22459930183918486,0.011129067785270305,C,0
1.068703923039557,-0.5835542226322773,0.6159978765819224,Q,0
1.270537876812676,-0.2592294483715452,0.36471227969671977,Q,0
1.2959360815533092,0.002995571942421816,1.7110343497395102,C,0
1.2077351266255922,-0.4043127217280447,1.4391095646896477,C,0
1.2724642105640296,-0.19014206151251486,1.6067024306953717,Q,0
1.316951179230693,-0.4368695121147999,1.2459430795232682,C,0
1.0762478986444368,-0.360411148629916,0.9052007573259412,S,0
1.4781511846589772,-0.4555085791783257,0.4524803350882874,C,0
1.3354697972349912,-0.3289260649232303,0.1810470203743234,C,0
1.396570795328354,-0.4908408983403226,0.5366010932102744,Q,0
1.6515794786422449,-0.5552721852646414,1.2478904124446055,S,0
1.1973799752595802,-0.16475921390125675,0.6504563253635283,S,0
1.3132691589405814,-0.16718103524613515,1.450204167519343,C,0
1.1830436401794977,-0.3041940313071725,0.5620547958699729,S,0
1.2725157658736117,-0.01040436804210353,2.6923894386898084,Q,0
1.3904940732202564,-0.1249853883550999,0.482815983961039,C,0
1.1657839163085773,-0.07985454304428649,1.6410447460009885,C,0
1.3180569360310948,0.007235581681710949,2.3046243940785285,Q,0
1.6230678936514498,-0.2632717309019123,0.9372899899737756,C,0
1.2165820391140727,-0.3413168693532844,0.40774753562475374,S,0
1.2633349159255889,-0.2436896787626439,0.1779821773681161,S,0
1.3505053552363222,-0.1873649956953963,1.5907474107260642,C,0
1.2305844252239173,0.033201587670081516,0.2056926015742017,Q,0
1.1349345630110947,-0.05727498522400255,0.09454405641623394,S,0
1.2263695399912706,0.008211721807057731,0.464978768746014,C,0
1.5304157717348548,-0.14914845201498084,0.19022461642089689,Q,0
1.3719693082859157,-0.05141168107919985,0.3409005918608429,C,0
1.1632556580650393,-0.024624524487312536,0.0018984158934172613,S,0
1.3479376798248854,0.02077793118448904,0.6083164824707856,Q,0
1.266060032505702,-0.01675062532392339,1.6743231017184756,Q,0
1.1059511077864712,-0.07685713060445347,0.018016463122109368,S,0
